labTestId:ID,itemId,label,category,unit,:LABEL
lt_50808,50808,Free Calcium,Blood Gas,,LabTest
lt_50826,50826,Tidal Volume,Blood Gas,,LabTest
lt_50813,50813,Lactate,Blood Gas,,LabTest
lt_52029,52029,% Ionized Calcium,Blood Gas,,LabTest
lt_50801,50801,Alveolar-arterial Gradient,Blood Gas,,LabTest
lt_50810,50810,"Hematocrit, Calculated",Blood Gas,,LabTest
lt_52025,52025,Delete,Blood Gas,,LabTest
lt_52031,52031,Osmolality,Blood Gas,,LabTest
lt_52022,52022,"Albumin, Blood",Blood Gas,,LabTest
lt_50806,50806,"Chloride, Whole Blood",Blood Gas,,LabTest
lt_50820,50820,pH,Blood Gas,,LabTest
lt_52028,52028,Hematocrit,Blood Gas,,LabTest
lt_52036,52036,Voided Specimen,Blood Gas,,LabTest
lt_50812,50812,Intubated,Blood Gas,,LabTest
lt_50817,50817,Oxygen Saturation,Blood Gas,,LabTest
lt_52035,52035,Total Calcium,Blood Gas,,LabTest
lt_50823,50823,Required O2,Blood Gas,,LabTest
lt_52024,52024,"Creatinine, Whole Blood",Blood Gas,,LabTest
lt_52037,52037,WB tCO2,Blood Gas,,LabTest
lt_50815,50815,O2 Flow,Blood Gas,,LabTest
lt_52452,52452,"Potassium, Whole Blood",Blood Gas,,LabTest
lt_50804,50804,Calculated Total CO2,Blood Gas,,LabTest
lt_52030,52030,Lithium,Blood Gas,,LabTest
lt_50811,50811,Hemoglobin,Blood Gas,,LabTest
lt_50824,50824,"Sodium, Whole Blood",Blood Gas,,LabTest
lt_52033,52033,Specimen Type,Blood Gas,,LabTest
lt_52027,52027,"Glucose, Whole Blood",Blood Gas,,LabTest
lt_50802,50802,Base Excess,Blood Gas,,LabTest
lt_50814,50814,Methemoglobin,Blood Gas,,LabTest
lt_52034,52034,Total Calcium,Blood Gas,,LabTest
lt_52442,52442,Lactate,Blood Gas,,LabTest
lt_50818,50818,pCO2,Blood Gas,,LabTest
lt_50828,50828,Ventilator,Blood Gas,,LabTest
lt_50809,50809,Glucose,Blood Gas,,LabTest
lt_50821,50821,pO2,Blood Gas,,LabTest
lt_52026,52026,Estimated GFR (MDRD equation),Blood Gas,,LabTest
lt_52434,52434,"Chloride, Whole Blood",Blood Gas,,LabTest
lt_50803,50803,"Calculated Bicarbonate, Whole Blood",Blood Gas,,LabTest
lt_52023,52023,Assist/Control,Blood Gas,,LabTest
lt_50822,50822,"Potassium, Whole Blood",Blood Gas,,LabTest
lt_50827,50827,Ventilation Rate,Blood Gas,,LabTest
lt_52032,52032,P50 of Hemoglobin,Blood Gas,,LabTest
lt_50819,50819,PEEP,Blood Gas,,LabTest
lt_52021,52021,Abz,Blood Gas,,LabTest
lt_50805,50805,Carboxyhemoglobin,Blood Gas,,LabTest
lt_50816,50816,Oxygen,Blood Gas,,LabTest
lt_50825,50825,Temperature,Blood Gas,,LabTest
lt_52455,52455,"Sodium, Whole Blood",Blood Gas,,LabTest
lt_52039,52039,Calculated Bicarbonate,Blood Gas,,LabTest
lt_52042,52042,pO2,Blood Gas,,LabTest
lt_52040,52040,pCO2,Blood Gas,,LabTest
lt_52038,52038,Base Excess,Blood Gas,,LabTest
lt_52041,52041,pH,Blood Gas,,LabTest
lt_52045,52045,"pH, Urine",Blood Gas,,LabTest
lt_52044,52044,"Osmolality, Urine",Blood Gas,,LabTest
lt_52047,52047,"Sodium, Urine",Blood Gas,,LabTest
lt_52046,52046,"Potassium, Urine",Blood Gas,,LabTest
lt_52043,52043,Voided Specimen,Blood Gas,,LabTest
lt_50829,50829,Fluid Type,Blood Gas,,LabTest
lt_50833,50833,Potassium,Blood Gas,,LabTest
lt_50834,50834,"Sodium, Body Fluid",Blood Gas,,LabTest
lt_50832,50832,"pO2, Body Fluid",Blood Gas,,LabTest
lt_50831,50831,pH,Blood Gas,,LabTest
lt_50830,50830,"pCO2, Body Fluid",Blood Gas,,LabTest
lt_50858,50858,Acid Phosphatase,Chemistry,,LabTest
lt_50879,50879,Barbiturate Screen,Chemistry,,LabTest
lt_50900,50900,Carcinoembyronic Antigen (CEA),Chemistry,,LabTest
lt_50914,50914,Cyclosporin,Chemistry,,LabTest
lt_51582,51582,CH50,Chemistry,,LabTest
lt_51615,51615,Epstein-Barr Virus EBNA IgG Ab,Chemistry,,LabTest
lt_51672,51672,Immune Complexes,Chemistry,,LabTest
lt_51685,51685,Lidocaine,Chemistry,,LabTest
lt_51755,51755,White Blood Cells,Chemistry,,LabTest
lt_51773,51773,RFXFRKL,Chemistry,,LabTest
lt_53153,53153,HIV Screen,Chemistry,,LabTest
lt_50925,50925,Folate,Chemistry,,LabTest
lt_50927,50927,Gamma Glutamyltransferase,Chemistry,,LabTest
lt_50953,50953,"Iron Binding Capacity, Total",Chemistry,,LabTest
lt_51007,51007,Uric Acid,Chemistry,,LabTest
lt_51670,51670,Icd9,Chemistry,,LabTest
lt_51740,51740,Toxic Screen,Chemistry,,LabTest
lt_51743,51743,Toxoplasma IgM Ab,Chemistry,,LabTest
lt_51757,51757,Xxx,Chemistry,,LabTest
lt_53146,53146,Anti Hav,Chemistry,,LabTest
lt_50854,50854,Absolute A1c,Chemistry,,LabTest
lt_50887,50887,Blue Top Hold,Chemistry,,LabTest
lt_50945,50945,Homocysteine,Chemistry,,LabTest
lt_50958,50958,Luteinizing Hormone,Chemistry,,LabTest
lt_50993,50993,Thyroid Stimulating Hormone,Chemistry,,LabTest
lt_51557,51557,Anti-Microsomal Antibody,Chemistry,,LabTest
lt_51659,51659,HPE3,Chemistry,,LabTest
lt_51683,51683,"LD, Isoenzyme 4",Chemistry,,LabTest
lt_51693,51693,Mumps IgG Ab,Chemistry,,LabTest
lt_51709,51709,Quantitative RPR Test,Chemistry,,LabTest
lt_51734,51734,STX3,Chemistry,,LabTest
lt_50870,50870,"Anti-Gliadin Antibody, IgA",Chemistry,,LabTest
lt_50979,50979,Red Top Hold,Chemistry,,LabTest
lt_51010,51010,Vitamin B12,Chemistry,,LabTest
lt_50893,50893,"Calcium, Total",Chemistry,,LabTest
lt_50899,50899,Carbamazepine,Chemistry,,LabTest
lt_51567,51567,Beta Hydroxybutyrate,Chemistry,,LabTest
lt_51580,51580,Calculated CK-MB,Chemistry,,LabTest
lt_51629,51629,Fructosamine Plus,Chemistry,,LabTest
lt_51658,51658,HPE2,Chemistry,,LabTest
lt_51681,51681,"LD, Isoenzyme 2",Chemistry,,LabTest
lt_51695,51695,Myoglobin,Chemistry,,LabTest
lt_51724,51724,Rubella IgG Ab,Chemistry,,LabTest
lt_51756,51756,White Blood Cells,Chemistry,,LabTest
lt_50866,50866,Ammonia,Chemistry,,LabTest
lt_50871,50871,Anti-Mitochondrial Antibody,Chemistry,,LabTest
lt_50918,50918,Double Stranded DNA,Chemistry,,LabTest
lt_51625,51625,Free Kappa,Chemistry,,LabTest
lt_51641,51641,Hemoglobin  A,Chemistry,,LabTest
lt_50869,50869,Anti-DGP (IgA/IgG),Chemistry,,LabTest
lt_50936,50936,"HCG, Maternal Screen",Chemistry,,LabTest
lt_50977,50977,Quinidine,Chemistry,,LabTest
lt_50991,50991,Thyroglobulin,Chemistry,,LabTest
lt_51590,51590,CMV Interpretation,Chemistry,,LabTest
lt_51651,51651,Hepatitis C Viral Load,Chemistry,,LabTest
lt_51708,51708,Qnthbsab,Chemistry,,LabTest
lt_53086,53086,Alkaline Phosphatase,Chemistry,,LabTest
lt_50960,50960,Magnesium,Chemistry,,LabTest
lt_51009,51009,Vancomycin,Chemistry,,LabTest
lt_51633,51633,Hbeag,Chemistry,,LabTest
lt_51742,51742,Toxoplasma IgG Ab Value,Chemistry,,LabTest
lt_50915,50915,D-Dimer,Chemistry,,LabTest
lt_50983,50983,Sodium,Chemistry,,LabTest
lt_51589,51589,CMV IgM Ab Value,Chemistry,,LabTest
lt_51597,51597,Cvhlc,Chemistry,,LabTest
lt_51640,51640,Hemoglobin,Chemistry,,LabTest
lt_51660,51660,HPE4,Chemistry,,LabTest
lt_52562,52562,Folate,Chemistry,,LabTest
lt_50917,50917,Digoxin,Chemistry,,LabTest
lt_51569,51569,"Bilirubin, Neonatal, Direct",Chemistry,,LabTest
lt_51729,51729,Serum B12,Chemistry,,LabTest
lt_51732,51732,STX1,Chemistry,,LabTest
lt_52500,52500,Anion Gap,Chemistry,,LabTest
lt_53088,53088,Asparate Aminotransferase,Chemistry,,LabTest
lt_50923,50923,Fax,Chemistry,,LabTest
lt_50926,50926,Follicle Stimulating Hormone,Chemistry,,LabTest
lt_50949,50949,Immunoglobulin A,Chemistry,,LabTest
lt_50965,50965,Parathyroid Hormone,Chemistry,,LabTest
lt_50980,50980,Rheumatoid Factor,Chemistry,,LabTest
lt_50981,50981,Salicylate,Chemistry,,LabTest
lt_50986,50986,tacroFK,Chemistry,,LabTest
lt_51585,51585,Clostrid,Chemistry,,LabTest
lt_51604,51604,Delete,Chemistry,,LabTest
lt_51620,51620,Epstein-Barr Virus VCA IgM Ab,Chemistry,,LabTest
lt_51650,51650,Hepatitis B Virus E Antigen,Chemistry,,LabTest
lt_51686,51686,Lip2,Chemistry,,LabTest
lt_51689,51689,Lyme G and M Value,Chemistry,,LabTest
lt_51710,51710,Rapid Plasma Reagin Test,Chemistry,,LabTest
lt_51741,51741,Toxoplasma IgG Ab,Chemistry,,LabTest
lt_51772,51772,PAN3,Chemistry,,LabTest
lt_50905,50905,"Cholesterol, LDL, Calculated",Chemistry,,LabTest
lt_50928,50928,Gastrin,Chemistry,,LabTest
lt_50948,50948,Immunofixation,Chemistry,,LabTest
lt_50964,50964,"Osmolality, Measured",Chemistry,,LabTest
lt_51634,51634,Hbsag,Chemistry,,LabTest
lt_51657,51657,HPE1,Chemistry,,LabTest
lt_51673,51673,Immunoelectrophoresis,Chemistry,,LabTest
lt_51759,51759,Z,Chemistry,,LabTest
lt_50895,50895,Calculated TBG,Chemistry,,LabTest
lt_51687,51687,Lipo Electrophoresis,Chemistry,,LabTest
lt_51745,51745,Toxoplasma Interpretation,Chemistry,,LabTest
lt_53140,53140,Aldosterone,Chemistry,,LabTest
lt_50997,50997,Tobramycin,Chemistry,,LabTest
lt_51568,51568,"Bilirubin, Neonatal",Chemistry,,LabTest
lt_51577,51577,C5,Chemistry,,LabTest
lt_51592,51592,Conj Bili,Chemistry,,LabTest
lt_51594,51594,"Creatine Kinase, Isoenzyme BB",Chemistry,,LabTest
lt_51602,51602,Delete,Chemistry,,LabTest
lt_51774,51774,RFXHCV,Chemistry,,LabTest
lt_50876,50876,Anti-Smooth Muscle Antibody,Chemistry,,LabTest
lt_50894,50894,Calculated Free Testosterone,Chemistry,,LabTest
lt_50955,50955,Light Green Top Hold,Chemistry,,LabTest
lt_51583,51583,Chol Estr,Chemistry,,LabTest
lt_51700,51700,Np-fx,Chemistry,,LabTest
lt_51713,51713,Reflex Confirmatory Hepatitis C Viral Load,Chemistry,,LabTest
lt_51748,51748,Treponema pallidum (Syphilis) Ab,Chemistry,,LabTest
lt_53150,53150,Anti Hbs,Chemistry,,LabTest
lt_50942,50942,Hepatitis B Virus Core Antibody,Chemistry,,LabTest
lt_50950,50950,Immunoglobulin G,Chemistry,,LabTest
lt_50974,50974,Prostate Specific Antigen,Chemistry,,LabTest
lt_50999,50999,Tricyclic Antidepressant Screen,Chemistry,,LabTest
lt_51004,51004,"UE3, Maternal Screen",Chemistry,,LabTest
lt_51559,51559,Anti-ro,Chemistry,,LabTest
lt_51564,51564,ARCH-1,Chemistry,,LabTest
lt_51596,51596,"Creatine Kinase, Isoenzyme MM",Chemistry,,LabTest
lt_51611,51611,Down Syndrome Risk,Chemistry,,LabTest
lt_51676,51676,Insulin,Chemistry,,LabTest
lt_51749,51749,Treponema pallidum (syphilis) value,Chemistry,,LabTest
lt_50852,50852,% Hemoglobin A1c,Chemistry,,LabTest
lt_50886,50886,Blood Culture Hold,Chemistry,,LabTest
lt_51581,51581,Carotene,Chemistry,,LabTest
lt_51720,51720,Reserved4,Chemistry,,LabTest
lt_51752,51752,Voided Specimen,Chemistry,,LabTest
lt_53144,53144,ANCA Titer,Chemistry,,LabTest
lt_50902,50902,Chloride,Chemistry,,LabTest
lt_50972,50972,Procainamide,Chemistry,,LabTest
lt_50973,50973,Prolactin,Chemistry,,LabTest
lt_50976,50976,"Protein, Total",Chemistry,,LabTest
lt_51560,51560,Anti-SARS-CoV-2 IgA,Chemistry,,LabTest
lt_51613,51613,eAG,Chemistry,,LabTest
lt_51628,51628,Fructosamine,Chemistry,,LabTest
lt_51635,51635,Hbsag,Chemistry,,LabTest
lt_51638,51638,Hematocrit,Chemistry,,LabTest
lt_51712,51712,Referred,Chemistry,,LabTest
lt_51738,51738,Thyroid Binding Globulin,Chemistry,,LabTest
lt_53084,53084,Alanine Aminotransferase,Chemistry,,LabTest
lt_50868,50868,Anion Gap,Chemistry,,LabTest
lt_50874,50874,"Anti-Nuclear Antibody, Titer",Chemistry,,LabTest
lt_50922,50922,Ethanol,Chemistry,,LabTest
lt_50966,50966,Phenobarbital,Chemistry,,LabTest
lt_50998,50998,Transferrin,Chemistry,,LabTest
lt_51637,51637,"HCG, Qualitative",Chemistry,,LabTest
lt_51667,51667,H. pylori IgG Ab Value,Chemistry,,LabTest
lt_51696,51696,Neural Tube Defect Risk,Chemistry,,LabTest
lt_52610,52610,Potassium,Chemistry,,LabTest
lt_50883,50883,"Bilirubin, Direct",Chemistry,,LabTest
lt_51576,51576,C2,Chemistry,,LabTest
lt_51692,51692,"Monospot, Rapid Antigen",Chemistry,,LabTest
lt_51699,51699,Not Done,Chemistry,,LabTest
lt_51761,51761,Zinc,Chemistry,,LabTest
lt_50861,50861,Alanine Aminotransferase (ALT),Chemistry,,LabTest
lt_50863,50863,Alkaline Phosphatase,Chemistry,,LabTest
lt_50881,50881,Beta-2 Microglobulin,Chemistry,,LabTest
lt_50913,50913,Cryoglobulin,Chemistry,,LabTest
lt_51572,51572,Bioavailable Testosterone,Chemistry,,LabTest
lt_51631,51631,Glycated Hemoglobin,Chemistry,,LabTest
lt_51636,51636,"HCG, Multiples of Median",Chemistry,,LabTest
lt_51649,51649,Hepatitis B Virus E Antibody,Chemistry,,LabTest
lt_51767,51767,EE5,Chemistry,,LabTest
lt_50896,50896,Calculated Thyroxine (T4) Index,Chemistry,,LabTest
lt_50930,50930,Globulin,Chemistry,,LabTest
lt_50933,50933,Green Top Hold (plasma),Chemistry,,LabTest
lt_50940,50940,Hepatitis B Surface Antibody,Chemistry,,LabTest
lt_50941,50941,Hepatitis B Surface Antigen,Chemistry,,LabTest
lt_51598,51598,Cytomegalovirus Viral Load,Chemistry,,LabTest
lt_51601,51601,Delete,Chemistry,,LabTest
lt_53129,53129,3t,Chemistry,,LabTest
lt_53137,53137,Afp Mom,Chemistry,,LabTest
lt_51648,51648,Hepatitis B Viral Load,Chemistry,,LabTest
lt_51704,51704,Platelet Count,Chemistry,,LabTest
lt_51735,51735,STX4,Chemistry,,LabTest
lt_51763,51763,EE2,Chemistry,,LabTest
lt_53087,53087,Amylase,Chemistry,,LabTest
lt_53141,53141,Alpha-1,Chemistry,,LabTest
lt_53143,53143,Alpha-2,Chemistry,,LabTest
lt_50865,50865,Amikacin,Chemistry,,LabTest
lt_50885,50885,"Bilirubin, Total",Chemistry,,LabTest
lt_50921,50921,Estradiol,Chemistry,,LabTest
lt_51609,51609,Disopyramide,Chemistry,,LabTest
lt_51617,51617,Epstein-Barr Virus IgM Ab Value,Chemistry,,LabTest
lt_51621,51621,Ethylene Glycol,Chemistry,,LabTest
lt_51623,51623,Fibrinogen,Chemistry,,LabTest
lt_51632,51632,Growth Hormone,Chemistry,,LabTest
lt_51643,51643,Hemoglobin  A2,Chemistry,,LabTest
lt_51664,51664,HPE8,Chemistry,,LabTest
lt_51770,51770,MDRDgfr,Chemistry,,LabTest
lt_52623,52623,Sodium,Chemistry,,LabTest
lt_53128,53128,11-Deoxycorticosterone,Chemistry,,LabTest
lt_50857,50857,Acetone,Chemistry,,LabTest
lt_50907,50907,"Cholesterol, Total",Chemistry,,LabTest
lt_50994,50994,Thyroxine (T4),Chemistry,,LabTest
lt_51005,51005,Uptake Ratio,Chemistry,,LabTest
lt_51575,51575,C1q,Chemistry,,LabTest
lt_51678,51678,L,Chemistry,,LabTest
lt_51725,51725,Rubeola IgG Ab,Chemistry,,LabTest
lt_51726,51726,Rubeola IgG Ab Value,Chemistry,,LabTest
lt_51762,51762,EE1,Chemistry,,LabTest
lt_53142,53142,Alpha-1-antitrypsin,Chemistry,,LabTest
lt_50884,50884,"Bilirubin, Indirect",Chemistry,,LabTest
lt_50931,50931,Glucose,Chemistry,,LabTest
lt_50952,50952,Iron,Chemistry,,LabTest
lt_50968,50968,"Phenytoin, Free",Chemistry,,LabTest
lt_51647,51647,Hemoglobin  S,Chemistry,,LabTest
lt_51680,51680,"LD, Isoenzyme 1",Chemistry,,LabTest
lt_51682,51682,"LD, Isoenzyme 3",Chemistry,,LabTest
lt_51707,51707,Progesterone,Chemistry,,LabTest
lt_51750,51750,"UE3, Multiples of Median",Chemistry,,LabTest
lt_50897,50897,Call,Chemistry,,LabTest
lt_50908,50908,CK-MB Index,Chemistry,,LabTest
lt_50954,50954,Lactate Dehydrogenase (LD),Chemistry,,LabTest
lt_50978,50978,Rapamycin,Chemistry,,LabTest
lt_50984,50984,Stat,Chemistry,,LabTest
lt_51618,51618,Epstein-Barr Virus Interpretation,Chemistry,,LabTest
lt_51690,51690,Lymphocytes,Chemistry,,LabTest
lt_51733,51733,STX2,Chemistry,,LabTest
lt_51751,51751,Uncon Bil,Chemistry,,LabTest
lt_53147,53147,Anti Hbc,Chemistry,,LabTest
lt_53154,53154,Lactate,Chemistry,,LabTest
lt_50860,50860,"AFP, Maternal Screen",Chemistry,,LabTest
lt_50877,50877,Anti-Thyroglobulin Antibodies,Chemistry,,LabTest
lt_51562,51562,Anti-Skin Antibody,Chemistry,,LabTest
lt_51578,51578,C6,Chemistry,,LabTest
lt_51645,51645,"Hemoglobin, Calculated",Chemistry,,LabTest
lt_51669,51669,Htlv Ab,Chemistry,,LabTest
lt_51688,51688,Lyme C6 Ab,Chemistry,,LabTest
lt_51694,51694,Mumps IgG Ab Value,Chemistry,,LabTest
lt_51717,51717,Reserved,Chemistry,,LabTest
lt_51722,51722,RFXLDLM,Chemistry,,LabTest
lt_52569,52569,Glucose,Chemistry,,LabTest
lt_52647,52647,Urea Nitrogen,Chemistry,,LabTest
lt_53094,53094,HBV VL CT,Chemistry,,LabTest
lt_50898,50898,Cancer Antigen 27.29,Chemistry,,LabTest
lt_50904,50904,"Cholesterol, HDL",Chemistry,,LabTest
lt_50946,50946,Human Chorionic Gonadotropin,Chemistry,,LabTest
lt_50971,50971,Potassium,Chemistry,,LabTest
lt_50975,50975,Protein Electrophoresis,Chemistry,,LabTest
lt_51000,51000,Triglycerides,Chemistry,,LabTest
lt_51573,51573,Bromide,Chemistry,,LabTest
lt_51610,51610,Dlta Bili,Chemistry,,LabTest
lt_51612,51612,Dr. X,Chemistry,,LabTest
lt_51627,51627,Free Lambda,Chemistry,,LabTest
lt_51656,51656,Hlap,Chemistry,,LabTest
lt_53096,53096,"Protein, Total",Chemistry,,LabTest
lt_50882,50882,Bicarbonate,Chemistry,,LabTest
lt_50888,50888,Blue Top Hold Frozen,Chemistry,,LabTest
lt_50901,50901,Centromere,Chemistry,,LabTest
lt_50992,50992,Thyroid Peroxidase Antibodies,Chemistry,,LabTest
lt_51566,51566,Beta,Chemistry,,LabTest
lt_51584,51584,Chylomicrons,Chemistry,,LabTest
lt_51599,51599,D,Chemistry,,LabTest
lt_51744,51744,Toxoplasma IgM Ab Value,Chemistry,,LabTest
lt_50890,50890,C3,Chemistry,,LabTest
lt_50916,50916,DHEA-Sulfate,Chemistry,,LabTest
lt_50935,50935,Haptoglobin,Chemistry,,LabTest
lt_51593,51593,Copper,Chemistry,,LabTest
lt_51606,51606,Digitoxin,Chemistry,,LabTest
lt_51668,51668,Hsap,Chemistry,,LabTest
lt_53138,53138,(Albumin),Chemistry,,LabTest
lt_50864,50864,Alpha-Fetoprotein,Chemistry,,LabTest
lt_50938,50938,Hepatitis A Virus IgM Antibody,Chemistry,,LabTest
lt_50959,50959,Macro Prolactin,Chemistry,,LabTest
lt_50967,50967,Phenytoin,Chemistry,,LabTest
lt_50995,50995,"Thyroxine (T4), Free",Chemistry,,LabTest
lt_51646,51646,Hemoglobin  F,Chemistry,,LabTest
lt_51706,51706,Problem Specimen,Chemistry,,LabTest
lt_51714,51714,Reflex HIV Confirmation,Chemistry,,LabTest
lt_51764,51764,EE7,Chemistry,,LabTest
lt_51769,51769,RUBIgGV,Chemistry,,LabTest
lt_51771,51771,unknown,Chemistry,,LabTest
lt_53145,53145,Anti-GBM Antibody,Chemistry,,LabTest
lt_50862,50862,Albumin,Chemistry,,LabTest
lt_50911,50911,"Creatine Kinase, MB Isoenzyme",Chemistry,,LabTest
lt_50969,50969,"Phenytoin, Percent Free",Chemistry,,LabTest
lt_51721,51721,Reverse T3,Chemistry,,LabTest
lt_51731,51731,Single Stranded DNA,Chemistry,,LabTest
lt_53132,53132,Absolute Lymphocyte Count,Chemistry,,LabTest
lt_50982,50982,Sex Hormone Binding Globulin,Chemistry,,LabTest
lt_51565,51565,Argon,Chemistry,,LabTest
lt_51746,51746,Transferrin Saturation,Chemistry,,LabTest
lt_50859,50859,"Acid Phosphatase, Non-Prostatic",Chemistry,,LabTest
lt_50878,50878,Asparate Aminotransferase (AST),Chemistry,,LabTest
lt_50912,50912,Creatinine,Chemistry,,LabTest
lt_50957,50957,Lithium,Chemistry,,LabTest
lt_50985,50985,Study Tubes,Chemistry,,LabTest
lt_50990,50990,Theophylline,Chemistry,,LabTest
lt_51006,51006,Urea Nitrogen,Chemistry,,LabTest
lt_51608,51608,DirLst,Chemistry,,LabTest
lt_51698,51698,No MD,Chemistry,,LabTest
lt_52546,52546,Creatinine,Chemistry,,LabTest
lt_50867,50867,Amylase,Chemistry,,LabTest
lt_50906,50906,"Cholesterol, LDL, Measured",Chemistry,,LabTest
lt_50939,50939,"Hepatitis B Core Antibody, IgM",Chemistry,,LabTest
lt_51003,51003,Troponin T,Chemistry,,LabTest
lt_51652,51652,High-Sensitivity CRP,Chemistry,,LabTest
lt_51675,51675,INR(PT),Chemistry,,LabTest
lt_51730,51730,Serum Folate,Chemistry,,LabTest
lt_51758,51758,Xylose,Chemistry,,LabTest
lt_53130,53130,4t,Chemistry,,LabTest
lt_50892,50892,CA-125,Chemistry,,LabTest
lt_50970,50970,Phosphate,Chemistry,,LabTest
lt_51556,51556,Anti-Microsomal Antibodies,Chemistry,,LabTest
lt_51574,51574,C1 Inhibitor,Chemistry,,LabTest
lt_51607,51607,"Dimeric Inhibin A, Maternal Screen",Chemistry,,LabTest
lt_51691,51691,MCV,Chemistry,,LabTest
lt_50875,50875,Anti-Parietal Cell Antibody,Chemistry,,LabTest
lt_51008,51008,Valproic Acid,Chemistry,,LabTest
lt_51570,51570,"Bilirubin, Neonatal, Indirect",Chemistry,,LabTest
lt_51616,51616,Epstein-Barr Virus IgG Ab Value,Chemistry,,LabTest
lt_51723,51723,Rubella,Chemistry,,LabTest
lt_51739,51739,Total CO2,Chemistry,,LabTest
lt_52642,52642,Troponin I,Chemistry,,LabTest
lt_53148,53148,Anti Hbe,Chemistry,,LabTest
lt_50891,50891,C4,Chemistry,,LabTest
lt_50943,50943,Hepatitis C Virus Antibody,Chemistry,,LabTest
lt_50947,50947,I,Chemistry,,LabTest
lt_51642,51642,Hemoglobin  A1,Chemistry,,LabTest
lt_51728,51728,Serum B12,Chemistry,,LabTest
lt_52535,52535,Chloride,Chemistry,,LabTest
lt_53135,53135,"Acid Phosphatase, Prostatic Fraction",Chemistry,,LabTest
lt_53151,53151,Anti-la,Chemistry,,LabTest
lt_50855,50855,Absolute Hemoglobin,Chemistry,,LabTest
lt_50919,50919,EDTA Hold,Chemistry,,LabTest
lt_50963,50963,NTproBNP,Chemistry,,LabTest
lt_50996,50996,"Tissue Transglutaminase Ab, IgA",Chemistry,,LabTest
lt_51579,51579,CA 19-9,Chemistry,,LabTest
lt_51626,51626,Free Kappa/Free Lambda Ratio,Chemistry,,LabTest
lt_51705,51705,Primidone,Chemistry,,LabTest
lt_51715,51715,Renin,Chemistry,,LabTest
lt_51754,51754,VZV IgG Ab Value,Chemistry,,LabTest
lt_50924,50924,Ferritin,Chemistry,,LabTest
lt_50932,50932,Gray Top Hold (plasma),Chemistry,,LabTest
lt_50956,50956,Lipase,Chemistry,,LabTest
lt_50989,50989,"Testosterone, Free",Chemistry,,LabTest
lt_51563,51563,Anti-sm,Chemistry,,LabTest
lt_51587,51587,CMV IgG Ab Value,Chemistry,,LabTest
lt_51600,51600,Delete,Chemistry,,LabTest
lt_51653,51653,HIV 1 Ab Confirmation,Chemistry,,LabTest
lt_51719,51719,Reserved3,Chemistry,,LabTest
lt_53134,53134,Absolute Other WBC,Chemistry,,LabTest
lt_50873,50873,Anti-Nuclear Antibody,Chemistry,,LabTest
lt_50880,50880,Benzodiazepine Screen,Chemistry,,LabTest
lt_50889,50889,C-Reactive Protein,Chemistry,,LabTest
lt_50920,50920,Estimated GFR (MDRD equation),Chemistry,,LabTest
lt_51558,51558,Antirnp,Chemistry,,LabTest
lt_51619,51619,Epstein-Barr Virus VCA IgG Ab,Chemistry,,LabTest
lt_51665,51665,HPE9,Chemistry,,LabTest
lt_51736,51736,STX5,Chemistry,,LabTest
lt_51605,51605,Delta/Dlt,Chemistry,,LabTest
lt_51679,51679,Lap,Chemistry,,LabTest
lt_51684,51684,"LD, Isoenzyme 5",Chemistry,,LabTest
lt_51703,51703,PEPgel,Chemistry,,LabTest
lt_51753,51753,VZV IgG Ab,Chemistry,,LabTest
lt_52551,52551,D-Dimer,Chemistry,,LabTest
lt_53089,53089,"Bilirubin, Total",Chemistry,,LabTest
lt_53139,53139,Aldosterone,Chemistry,,LabTest
lt_50909,50909,Cortisol,Chemistry,,LabTest
lt_50910,50910,Creatine Kinase (CK),Chemistry,,LabTest
lt_50951,50951,Immunoglobulin M,Chemistry,,LabTest
lt_51586,51586,CMV IgG Ab,Chemistry,,LabTest
lt_51630,51630,Gamma,Chemistry,,LabTest
lt_51662,51662,HPE6,Chemistry,,LabTest
lt_51701,51701,"Osmolality, Calculated",Chemistry,,LabTest
lt_51702,51702,Park,Chemistry,,LabTest
lt_53133,53133,Absolute Neutrophil,Chemistry,,LabTest
lt_51002,51002,Troponin I,Chemistry,,LabTest
lt_51624,51624,Free Calcium,Chemistry,,LabTest
lt_51639,51639,Hematocrit,Chemistry,,LabTest
lt_51644,51644,Hemoglobin  C,Chemistry,,LabTest
lt_51663,51663,HPE7,Chemistry,,LabTest
lt_52548,52548,Cryoglobulin,Chemistry,,LabTest
lt_53149,53149,Anti-hbs,Chemistry,,LabTest
lt_50988,50988,Testosterone,Chemistry,,LabTest
lt_51571,51571,Billed,Chemistry,,LabTest
lt_51654,51654,HIV 1 Viral Load,Chemistry,,LabTest
lt_53085,53085,Albumin,Chemistry,,LabTest
lt_53093,53093,Gamma Glutamyltranferase,Chemistry,,LabTest
lt_50961,50961,Methotrexate,Chemistry,,LabTest
lt_51655,51655,HIV 2 Ab Confirmation,Chemistry,,LabTest
lt_51666,51666,H. pylori IgG Ab,Chemistry,,LabTest
lt_51718,51718,Reserved1,Chemistry,,LabTest
lt_51765,51765,EE3,Chemistry,,LabTest
lt_53136,53136,Adrenocorticotrophic Hormone,Chemistry,,LabTest
lt_50872,50872,Anti-Neutrophil Cytoplasmic Antibody,Chemistry,,LabTest
lt_50903,50903,Cholesterol Ratio (Total/HDL),Chemistry,,LabTest
lt_50962,50962,N-Acetylprocainamide (NAPA),Chemistry,,LabTest
lt_51001,51001,Triiodothyronine (T3),Chemistry,,LabTest
lt_51671,51671,IFEgel,Chemistry,,LabTest
lt_53131,53131,5' Nucleotidase,Chemistry,,LabTest
lt_50934,50934,H,Chemistry,,LabTest
lt_50937,50937,Hepatitis A Virus Antibody,Chemistry,,LabTest
lt_51614,51614,Epstein-Barr Virus  EBNA IgG Ab,Chemistry,,LabTest
lt_51674,51674,Immunoglobulin E,Chemistry,,LabTest
lt_51737,51737,STX6,Chemistry,,LabTest
lt_51747,51747,Treponemal Antibody Test,Chemistry,,LabTest
lt_51760,51760,Z,Chemistry,,LabTest
lt_51768,51768,EE6,Chemistry,,LabTest
lt_53152,53152,HIV FINAL,Chemistry,,LabTest
lt_50853,50853,25-OH Vitamin D,Chemistry,,LabTest
lt_50856,50856,Acetaminophen,Chemistry,,LabTest
lt_50929,50929,Gentamicin,Chemistry,,LabTest
lt_51588,51588,CMV IgM Ab,Chemistry,,LabTest
lt_51591,51591,Confirmation,Chemistry,,LabTest
lt_51595,51595,"Creatine Kinase, Isoenzyme MB",Chemistry,,LabTest
lt_51603,51603,Delete,Chemistry,,LabTest
lt_51661,51661,HPE5,Chemistry,,LabTest
lt_51677,51677,K (GREEN),Chemistry,,LabTest
lt_51727,51727,Send Out,Chemistry,,LabTest
lt_53095,53095,Lyme VsIE/PepC10 Antibody,Chemistry,,LabTest
lt_51954,51954,CDT027,Chemistry,,LabTest
lt_51945,51945,Norovirus Genogroup I,Chemistry,,LabTest
lt_51953,51953,Voided Specimen,Chemistry,,LabTest
lt_51928,51928,Alpha-1,Chemistry,,LabTest
lt_51934,51934,C Diff Toxin Antigen Assay,Chemistry,,LabTest
lt_51941,51941,"Glucose, Stool",Chemistry,,LabTest
lt_51931,51931,Beta,Chemistry,,LabTest
lt_51937,51937,"Creatinine, Stool",Chemistry,,LabTest
lt_51064,51064,"Potassium, Stool",Chemistry,,LabTest
lt_51926,51926,(Albumin),Chemistry,,LabTest
lt_51951,51951,"Urea Nitrogen, Stool",Chemistry,,LabTest
lt_51061,51061,"Bicarbonate, Stool",Chemistry,,LabTest
lt_51947,51947,O & P,Chemistry,,LabTest
lt_51063,51063,"Osmolality, Stool",Chemistry,,LabTest
lt_51925,51925,72 Hr Fat,Chemistry,,LabTest
lt_51952,51952,"Uric Acid, Stool",Chemistry,,LabTest
lt_51062,51062,"Chloride, Stool",Chemistry,,LabTest
lt_51065,51065,"Sodium, Stool",Chemistry,,LabTest
lt_51935,51935,"Cholesterol, Stool",Chemistry,,LabTest
lt_51938,51938,Cryptococ,Chemistry,,LabTest
lt_51933,51933,C. diff PCR,Chemistry,,LabTest
lt_51930,51930,"Amylase, Stool",Chemistry,,LabTest
lt_51948,51948,Sudan Stain,Chemistry,,LabTest
lt_51946,51946,Norovirus Genogroup II,Chemistry,,LabTest
lt_51950,51950,"Triglycerides, Stool",Chemistry,,LabTest
lt_51944,51944,"Lactate Dehydrogenase, Stool",Chemistry,,LabTest
lt_51929,51929,Alpha-2,Chemistry,,LabTest
lt_51940,51940,Gamma,Chemistry,,LabTest
lt_51942,51942,"IgG, Stool",Chemistry,,LabTest
lt_51943,51943,"Immunoelectrophoresis, Stool",Chemistry,,LabTest
lt_51936,51936,Clostrid,Chemistry,,LabTest
lt_51927,51927,"Albumin, Stool",Chemistry,,LabTest
lt_51955,51955,unknown,Chemistry,,LabTest
lt_51932,51932,"Bilirubin, Total, Stool",Chemistry,,LabTest
lt_51949,51949,"Total Protein, Stool",Chemistry,,LabTest
lt_51956,51956,CDT027,Chemistry,,LabTest
lt_51939,51939,Fl Scan,Chemistry,,LabTest
lt_51983,51983,"Iron, Urine",Chemistry,,LabTest
lt_51097,51097,"Potassium, Urine",Chemistry,,LabTest
lt_51967,51967,Blood,Chemistry,,LabTest
lt_51976,51976,"Cortisol, Urine",Chemistry,,LabTest
lt_51070,51070,"Albumin/Creatinine, Urine",Chemistry,,LabTest
lt_51988,51988,O & P,Chemistry,,LabTest
lt_52016,52016,Z,Chemistry,,LabTest
lt_52019,52019,PAN2,Chemistry,,LabTest
lt_51091,51091,"Myoglobin, Urine",Chemistry,,LabTest
lt_51073,51073,"Amylase/Creatinine Ratio, Urine",Chemistry,,LabTest
lt_51081,51081,"Creatinine, Serum",Chemistry,,LabTest
lt_51079,51079,"Cocaine, Urine",Chemistry,,LabTest
lt_51995,51995,Study Urine,Chemistry,,LabTest
lt_52004,52004,UTX1,Chemistry,,LabTest
lt_51098,51098,"Prot. Electrophoresis, Urine",Chemistry,,LabTest
lt_51986,51986,Neisseria gonorrhoeae,Chemistry,,LabTest
lt_51071,51071,"Amphetamine Screen, Urine",Chemistry,,LabTest
lt_51072,51072,"Amylase, Urine",Chemistry,,LabTest
lt_51086,51086,"Immunofixation, Urine",Chemistry,,LabTest
lt_51987,51987,Nitrite,Chemistry,,LabTest
lt_52006,52006,UTX3,Chemistry,,LabTest
lt_52014,52014,Voided Specimen,Chemistry,,LabTest
lt_51066,51066,24 hr Calcium,Chemistry,,LabTest
lt_51957,51957,17-Hydroxycorticosteroids,Chemistry,,LabTest
lt_51989,51989,Oxycodone,Chemistry,,LabTest
lt_52017,52017,"Zinc, Urine",Chemistry,,LabTest
lt_51994,51994,Specific Gravity,Chemistry,,LabTest
lt_51069,51069,"Albumin, Urine",Chemistry,,LabTest
lt_51991,51991,"Propoxyphene, Urine",Chemistry,,LabTest
lt_51102,51102,"Total Protein, Urine",Chemistry,,LabTest
lt_52013,52013,Vanillylmandelic Acid,Chemistry,,LabTest
lt_51084,51084,"Glucose, Urine",Chemistry,,LabTest
lt_51089,51089,Marijuana,Chemistry,,LabTest
lt_51966,51966,Bilirubin,Chemistry,,LabTest
lt_51984,51984,Ketone,Chemistry,,LabTest
lt_51998,51998,UPEPgel,Chemistry,,LabTest
lt_51083,51083,"Ethanol, Urine",Chemistry,,LabTest
lt_51104,51104,"Urea Nitrogen, Urine",Chemistry,,LabTest
lt_51960,51960,Aldolase,Chemistry,,LabTest
lt_51972,51972,Chlamydia trachomatis,Chemistry,,LabTest
lt_51974,51974,"Copper, Urine",Chemistry,,LabTest
lt_52008,52008,UTX5,Chemistry,,LabTest
lt_52015,52015,Xylose,Chemistry,,LabTest
lt_52018,52018,PAN1,Chemistry,,LabTest
lt_51095,51095,"Phosphate, Urine",Chemistry,,LabTest
lt_52007,52007,UTX4,Chemistry,,LabTest
lt_51999,51999,Urine Amylase,Chemistry,,LabTest
lt_51080,51080,Creatinine Clearance,Chemistry,,LabTest
lt_51100,51100,"Sodium, Urine",Chemistry,,LabTest
lt_51968,51968,Camp,Chemistry,,LabTest
lt_52730,52730,pH,Chemistry,,LabTest
lt_51090,51090,"Methadone, Urine",Chemistry,,LabTest
lt_51093,51093,"Osmolality, Urine",Chemistry,,LabTest
lt_51068,51068,24 hr Protein,Chemistry,,LabTest
lt_52009,52009,UTX6,Chemistry,,LabTest
lt_52012,52012,UTX9,Chemistry,,LabTest
lt_51096,51096,Porphobilinogen Screen,Chemistry,,LabTest
lt_51959,51959,"5-HIAA, Urine",Chemistry,,LabTest
lt_52703,52703,"Albumin, Urine",Chemistry,,LabTest
lt_51067,51067,24 hr Creatinine,Chemistry,,LabTest
lt_51087,51087,Length of Urine Collection,Chemistry,,LabTest
lt_51106,51106,Urine Creatinine,Chemistry,,LabTest
lt_51105,51105,"Uric Acid, Urine",Chemistry,,LabTest
lt_51971,51971,Ccoc,Chemistry,,LabTest
lt_52720,52720,"HCG, Urine, Qualitative",Chemistry,,LabTest
lt_52020,52020,UTX10,Chemistry,,LabTest
lt_51980,51980,Fentanyl,Chemistry,,LabTest
lt_51996,51996,Trichomonas vaginalis,Chemistry,,LabTest
lt_51078,51078,"Chloride, Urine",Chemistry,,LabTest
lt_51103,51103,Uhold,Chemistry,,LabTest
lt_51978,51978,DirList,Chemistry,,LabTest
lt_51981,51981,Glucose,Chemistry,,LabTest
lt_51076,51076,"Bicarbonate, Urine",Chemistry,,LabTest
lt_51088,51088,"Magnesium, Urine",Chemistry,,LabTest
lt_51092,51092,"Opiate Screen, Urine",Chemistry,,LabTest
lt_51074,51074,"Barbiturate Screen, Urine",Chemistry,,LabTest
lt_51964,51964,"Amylase, Serum",Chemistry,,LabTest
lt_51973,51973,Copi,Chemistry,,LabTest
lt_52002,52002,Urobilinogen,Chemistry,,LabTest
lt_51101,51101,Total Collection Time,Chemistry,,LabTest
lt_51982,51982,"Immunoelectrophoresis, Urine",Chemistry,,LabTest
lt_51099,51099,Protein/Creatinine Ratio,Chemistry,,LabTest
lt_51109,51109,"Urine Volume, Total",Chemistry,,LabTest
lt_51969,51969,"Catecholamines, Urine",Chemistry,,LabTest
lt_51977,51977,"Creatinine, Blood",Chemistry,,LabTest
lt_51997,51997,UIFEgel,Chemistry,,LabTest
lt_51970,51970,Cben,Chemistry,,LabTest
lt_51993,51993,Referred,Chemistry,,LabTest
lt_51107,51107,"Urine tube, held",Chemistry,,LabTest
lt_51958,51958,"17-Ketosteroids, Urine",Chemistry,,LabTest
lt_51962,51962,Alpha-2,Chemistry,,LabTest
lt_52005,52005,UTX2,Chemistry,,LabTest
lt_51075,51075,"Benzodiazepine Screen, Urine",Chemistry,,LabTest
lt_51992,51992,Protein,Chemistry,,LabTest
lt_51961,51961,Alpha-1,Chemistry,,LabTest
lt_51963,51963,Amylase/Creatinine Clearance,Chemistry,,LabTest
lt_51965,51965,Beta,Chemistry,,LabTest
lt_51985,51985,Leukocytes,Chemistry,,LabTest
lt_51979,51979,"Estriol, Urine",Chemistry,,LabTest
lt_51990,51990,"Phenothiazine Screen, Urine",Chemistry,,LabTest
lt_51085,51085,"HCG, Urine, Qualitative",Chemistry,,LabTest
lt_52000,52000,Urine  Creatinine,Chemistry,,LabTest
lt_52003,52003,Uroporphyrins,Chemistry,,LabTest
lt_51094,51094,pH,Chemistry,,LabTest
lt_51108,51108,Urine Volume,Chemistry,,LabTest
lt_52011,52011,UTX8,Chemistry,,LabTest
lt_51082,51082,"Creatinine, Urine",Chemistry,,LabTest
lt_52010,52010,UTX7,Chemistry,,LabTest
lt_51077,51077,"Calcium, Urine",Chemistry,,LabTest
lt_51975,51975,Coproporphyrins,Chemistry,,LabTest
lt_52001,52001,"Urine PEP, Gamma region",Chemistry,,LabTest
lt_50839,50839,"Chloride, Ascites",Chemistry,,LabTest
lt_50846,50846,"Osmolality, Ascites",Chemistry,,LabTest
lt_50838,50838,"Bilirubin, Total, Ascites",Chemistry,,LabTest
lt_53123,53123,"Immunoelectrophoresis, Ascites",Chemistry,,LabTest
lt_50845,50845,"Miscellaneous, Ascites",Chemistry,,LabTest
lt_50844,50844,"Lipase, Ascites",Chemistry,,LabTest
lt_50847,50847,"Potassium, Ascites",Chemistry,,LabTest
lt_53117,53117,Alpha-1,Chemistry,,LabTest
lt_50837,50837,"Bicarbonate, Ascites",Chemistry,,LabTest
lt_53118,53118,Alpha-2,Chemistry,,LabTest
lt_53120,53120,Clostrid,Chemistry,,LabTest
lt_50851,50851,"Urea Nitrogen, Ascites",Chemistry,,LabTest
lt_53119,53119,Beta,Chemistry,,LabTest
lt_53126,53126,"Uric Acid, Ascites",Chemistry,,LabTest
lt_50841,50841,"Creatinine, Ascites",Chemistry,,LabTest
lt_50840,50840,"Cholesterol, Ascites",Chemistry,,LabTest
lt_50835,50835,"Albumin, Ascites",Chemistry,,LabTest
lt_53121,53121,Cryptococ,Chemistry,,LabTest
lt_53116,53116,(Albumin),Chemistry,,LabTest
lt_53122,53122,Fl Scan,Chemistry,,LabTest
lt_50848,50848,"Sodium, Ascites",Chemistry,,LabTest
lt_50849,50849,"Total Protein, Ascites",Chemistry,,LabTest
lt_53124,53124,"Immunoglobulin G, Ascites",Chemistry,,LabTest
lt_50836,50836,"Amylase, Ascites",Chemistry,,LabTest
lt_50850,50850,"Triglycerides, Ascites",Chemistry,,LabTest
lt_50843,50843,"Lactate Dehydrogenase, Ascites",Chemistry,,LabTest
lt_53125,53125,"PEP, Ascites, Gamma Region",Chemistry,,LabTest
lt_50842,50842,"Glucose, Ascites",Chemistry,,LabTest
lt_53127,53127,Voided Specimen,Chemistry,,LabTest
lt_51910,51910,(Albumin),Chemistry,,LabTest
lt_51052,51052,"Creatinine, Pleural",Chemistry,,LabTest
lt_51915,51915,Cryptococ,Chemistry,,LabTest
lt_51046,51046,"Albumin, Pleural",Chemistry,,LabTest
lt_51913,51913,Beta,Chemistry,,LabTest
lt_51048,51048,"Bicarbonate, Pleural",Chemistry,,LabTest
lt_51047,51047,"Amylase, Pleural",Chemistry,,LabTest
lt_51051,51051,"Cholesterol, Pleural",Chemistry,,LabTest
lt_51055,51055,"Lipase, Pleural",Chemistry,,LabTest
lt_51056,51056,"Miscellaneous, Pleural",Chemistry,,LabTest
lt_51920,51920,"PEP, Pleural, Gamma Region",Chemistry,,LabTest
lt_51911,51911,Alpha-1,Chemistry,,LabTest
lt_51918,51918,"Immunoglobulin G, Pleural",Chemistry,,LabTest
lt_51060,51060,"Triglycerides, Pleural",Chemistry,,LabTest
lt_51050,51050,"Chloride, Pleural",Chemistry,,LabTest
lt_51919,51919,"Osmolality, Pleural",Chemistry,,LabTest
lt_51058,51058,"Sodium, Pleural",Chemistry,,LabTest
lt_51921,51921,"proBNP, Pleural",Chemistry,,LabTest
lt_51912,51912,Alpha-2,Chemistry,,LabTest
lt_51923,51923,"Uric Acid, Pleural",Chemistry,,LabTest
lt_51049,51049,"Bilirubin, Total, Pleural",Chemistry,,LabTest
lt_51059,51059,"Total Protein, Pleural",Chemistry,,LabTest
lt_51914,51914,Clostrid,Chemistry,,LabTest
lt_51054,51054,"Lactate Dehydrogenase, Pleural",Chemistry,,LabTest
lt_51917,51917,"Immunoelectrophoresis, Pleural",Chemistry,,LabTest
lt_51057,51057,"Potassium, Pleural",Chemistry,,LabTest
lt_51916,51916,Fl Scan,Chemistry,,LabTest
lt_51924,51924,Voided Specimen,Chemistry,,LabTest
lt_51053,51053,"Glucose, Pleural",Chemistry,,LabTest
lt_51922,51922,"Urea Nitrogen, Pleural",Chemistry,,LabTest
lt_51828,51828,Voided Specimen,Chemistry,,LabTest
lt_51809,51809,Alpha-2,Chemistry,,LabTest
lt_51810,51810,Beta,Chemistry,,LabTest
lt_51812,51812,"Bilirubin, Total, Joint Fluid",Chemistry,,LabTest
lt_51824,51824,"Triglycerides, Joint Fluid",Chemistry,,LabTest
lt_51814,51814,"Cholesterol, Joint Fluid",Chemistry,,LabTest
lt_51023,51023,"LD, Joint Fluid",Chemistry,,LabTest
lt_51816,51816,Cryptococ,Chemistry,,LabTest
lt_51825,51825,"Urea Nitrogen, Joint Fluid",Chemistry,,LabTest
lt_51019,51019,"Albumin, Joint Fluid",Chemistry,,LabTest
lt_51020,51020,"Amylase, Joint Fluid",Chemistry,,LabTest
lt_51024,51024,"Total Protein, Joint Fluid",Chemistry,,LabTest
lt_51807,51807,(Albumin),Chemistry,,LabTest
lt_51815,51815,Clostrid,Chemistry,,LabTest
lt_51826,51826,"Uric Acid, Joint Fluid",Chemistry,,LabTest
lt_51808,51808,Alpha-1,Chemistry,,LabTest
lt_51823,51823,"Sodium, Joint Fluid",Chemistry,,LabTest
lt_51818,51818,"IgG, Joint Fluid",Chemistry,,LabTest
lt_51022,51022,"Glucose, Joint Fluid",Chemistry,,LabTest
lt_51822,51822,"Potassium, Joint Fluid",Chemistry,,LabTest
lt_51819,51819,"Immunoelectrophoresis, Joint Fluid",Chemistry,,LabTest
lt_51821,51821,"PEP, Joint Fluid, Gamma Region",Chemistry,,LabTest
lt_51813,51813,"Chloride, Joint Fluid",Chemistry,,LabTest
lt_51817,51817,Fl Scan,Chemistry,,LabTest
lt_51820,51820,"Osmolality, Joint Fluid",Chemistry,,LabTest
lt_51827,51827,Voided Specimen,Chemistry,,LabTest
lt_51021,51021,"Creatinine, Joint Fluid",Chemistry,,LabTest
lt_51811,51811,"Bicarbonate,Joint Fluid",Chemistry,,LabTest
lt_51840,51840,Beta,Chemistry,,LabTest
lt_51861,51861,"Immunoelectrophoresis, Fluid",Chemistry,,LabTest
lt_51869,51869,"Influenza A, Rapid Antigen",Chemistry,,LabTest
lt_51894,51894,"Strep A, Rapid Antigen",Chemistry,,LabTest
lt_51025,51025,"Albumin, Body Fluid",Chemistry,,LabTest
lt_51858,51858,HIV 1 Viral Load,Chemistry,,LabTest
lt_51882,51882,O & P,Chemistry,,LabTest
lt_51865,51865,Influenza A by PCR,Chemistry,,LabTest
lt_51841,51841,"Blood, Occult",Chemistry,,LabTest
lt_51876,51876,"L/S Ratio, Amniotic Fluid",Chemistry,,LabTest
lt_51877,51877,MRSA PCR,Chemistry,,LabTest
lt_51838,51838,Alpha-2,Chemistry,,LabTest
lt_51895,51895,"Strep A, Rapid Antigen",Chemistry,,LabTest
lt_51843,51843,C. diff PCR,Chemistry,,LabTest
lt_51042,51042,"Sodium, Body Fluid",Chemistry,,LabTest
lt_51893,51893,Staph aureus PCR,Chemistry,,LabTest
lt_51036,51036,"Lipase, Body Fluid",Chemistry,,LabTest
lt_51829,51829,72 Hr Fat,Chemistry,,LabTest
lt_51857,51857,Fl Scan,Chemistry,,LabTest
lt_53115,53115,RSV2,Chemistry,,LabTest
lt_51027,51027,"Bicarbonate, Other Fluid",Chemistry,,LabTest
lt_51033,51033,FetalFN,Chemistry,,LabTest
lt_51037,51037,"Magnesium, Body Fluid",Chemistry,,LabTest
lt_51870,51870,"Influenza A, Rapid Antigen",Chemistry,,LabTest
lt_53114,53114,RSV1,Chemistry,,LabTest
lt_51847,51847,Clostrid,Chemistry,,LabTest
lt_51881,51881,Norovirus Genogroup II,Chemistry,,LabTest
lt_51854,51854,Cryptococ,Chemistry,,LabTest
lt_51899,51899,Trichomonas vaginalis,Chemistry,,LabTest
lt_51839,51839,Anat Path Hold,Chemistry,,LabTest
lt_53099,53099,COV12,Chemistry,,LabTest
lt_53110,53110,FLUB2,Chemistry,,LabTest
lt_51862,51862,"Immunoglobulin G, Body Fluid",Chemistry,,LabTest
lt_51889,51889,Phosphatidylglycerol,Chemistry,,LabTest
lt_51038,51038,"Miscellaneous, Body Fluid",Chemistry,,LabTest
lt_53098,53098,COV11,Chemistry,,LabTest
lt_53107,53107,FLUA1,Chemistry,,LabTest
lt_53113,53113,Rapid Respiratory Syncytial Virus,Chemistry,,LabTest
lt_51029,51029,"Calcium, Body Fluid",Chemistry,,LabTest
lt_51026,51026,"Amylase, Body Fluid",Chemistry,,LabTest
lt_51028,51028,"Bilirubin, Total, Body Fluid",Chemistry,,LabTest
lt_51040,51040,"Phosphate, Body Fluid",Chemistry,,LabTest
lt_53106,53106,E GENE ENDPT,Chemistry,,LabTest
lt_51035,51035,"LD, Body Fluid",Chemistry,,LabTest
lt_51833,51833,"AFP, Amniotic Fluid",Chemistry,,LabTest
lt_51901,51901,Voided Specimen,Chemistry,,LabTest
lt_51887,51887,"PEP, Body Fluid",Chemistry,,LabTest
lt_53105,53105,E GENE CT,Chemistry,,LabTest
lt_51045,51045,"Urea Nitrogen, Body Fluid",Chemistry,,LabTest
lt_51831,51831,Acid MAO,Chemistry,,LabTest
lt_51872,51872,Influenza B by PCR,Chemistry,,LabTest
lt_51031,51031,"Cholesterol, Body Fluid",Chemistry,,LabTest
lt_51842,51842,Bun,Chemistry,,LabTest
lt_51856,51856,Epr,Chemistry,,LabTest
lt_51897,51897,Surfactant/Albumin,Chemistry,,LabTest
lt_51907,51907,reuse1,Chemistry,,LabTest
lt_51874,51874,"Influenza B, Rapid Antigen",Chemistry,,LabTest
lt_51905,51905, ,Chemistry,,LabTest
lt_51044,51044,Triglycer,Chemistry,,LabTest
lt_53109,53109,FLUB1,Chemistry,,LabTest
lt_53112,53112,N2 GENE ENDPT,Chemistry,,LabTest
lt_51880,51880,Norovirus Genogroup I,Chemistry,,LabTest
lt_51835,51835,(Albumi,Chemistry,,LabTest
lt_51030,51030,"Chloride, Body Fluid",Chemistry,,LabTest
lt_51896,51896,Sudan Stain,Chemistry,,LabTest
lt_51837,51837,Alpha-1,Chemistry,,LabTest
lt_51844,51844,C diff Toxin Antigen Assay,Chemistry,,LabTest
lt_51846,51846,Chlamydia trachomatis,Chemistry,,LabTest
lt_51875,51875,"Influenza B, Rapid Antigen",Chemistry,,LabTest
lt_51855,51855,"DSPC, Amniotic Fluid",Chemistry,,LabTest
lt_53108,53108,FLUA2,Chemistry,,LabTest
lt_51041,51041,"Potassium, Body Fluid",Chemistry,,LabTest
lt_51904,51904,PAN2,Chemistry,,LabTest
lt_51902,51902,Vpf,Chemistry,,LabTest
lt_51906,51906,reuse,Chemistry,,LabTest
lt_51032,51032,"Creatinine, Body Fluid",Chemistry,,LabTest
lt_51898,51898,Surf/Alb,Chemistry,,LabTest
lt_51834,51834,"AFP, Body Fluid",Chemistry,,LabTest
lt_51039,51039,"Osmolality, Body Fluid",Chemistry,,LabTest
lt_51888,51888,"PEP, Body Fluid, Gamma Region",Chemistry,,LabTest
lt_51900,51900,"Uric Acid, Body Fluid",Chemistry,,LabTest
lt_53100,53100,COV13,Chemistry,,LabTest
lt_53111,53111,N2 GENE CT,Chemistry,,LabTest
lt_53097,53097,COV10,Chemistry,,LabTest
lt_51043,51043,"Total Protein, Body Fluid",Chemistry,,LabTest
lt_51873,51873,Influenza B by PCR,Chemistry,,LabTest
lt_51903,51903,PAN1,Chemistry,,LabTest
lt_51034,51034,"Glucose, Body Fluid",Chemistry,,LabTest
lt_51864,51864,Influenza A by PCR,Chemistry,,LabTest
lt_51836,51836,<Albumin>,Chemistry,,LabTest
lt_51830,51830,Acid BAO,Chemistry,,LabTest
lt_51879,51879,Neisseria gonorrhoeae,Chemistry,,LabTest
lt_51799,51799,"PEP, CSF, Gamma Region",Chemistry,,LabTest
lt_51785,51785,"Cholesterol, CSF",Chemistry,,LabTest
lt_51800,51800,"Potassium, CSF",Chemistry,,LabTest
lt_51795,51795,"Lactate Dehydrogenase, CSF",Chemistry,,LabTest
lt_51790,51790,"Glucose, CSF",Chemistry,,LabTest
lt_51788,51788,Cryptococ,Chemistry,,LabTest
lt_51794,51794,"Immunoglobulin G, CSF",Chemistry,,LabTest
lt_51806,51806,Voided Specimen,Chemistry,,LabTest
lt_51789,51789,Fl Scan,Chemistry,,LabTest
lt_51793,51793,"Immunoglobulin G, CSF",Chemistry,,LabTest
lt_51796,51796,"Miscellaneous, CSF",Chemistry,,LabTest
lt_51787,51787,"Creatinine, CSF",Chemistry,,LabTest
lt_51802,51802,"Total Protein, CSF",Chemistry,,LabTest
lt_51778,51778,Alpha-1,Chemistry,,LabTest
lt_51779,51779,Alpha-2,Chemistry,,LabTest
lt_51792,51792,"Immunoelectrophoresis, CSF",Chemistry,,LabTest
lt_51780,51780,"Amylase, CSF",Chemistry,,LabTest
lt_51782,51782,"Bicarbonate, CSF",Chemistry,,LabTest
lt_51805,51805,"Uric Acid, CSF",Chemistry,,LabTest
lt_51783,51783,"Bilirubin, Total, CSF",Chemistry,,LabTest
lt_51776,51776,<Albumin>,Chemistry,,LabTest
lt_51775,51775,(Albumin),Chemistry,,LabTest
lt_51777,51777,"Albumin, CSF",Chemistry,,LabTest
lt_51801,51801,"Sodium, CSF",Chemistry,,LabTest
lt_51798,51798,"PEP, CSF",Chemistry,,LabTest
lt_51786,51786,Clostrid,Chemistry,,LabTest
lt_51797,51797,"Osmolality, CSF",Chemistry,,LabTest
lt_51784,51784,"Chloride, CSF",Chemistry,,LabTest
lt_51791,51791,HIV 1 Viral Load,Chemistry,,LabTest
lt_51803,51803,"Triglycerides, CSF",Chemistry,,LabTest
lt_51804,51804,"Urea Nitrogen, CSF",Chemistry,,LabTest
lt_51781,51781,Beta,Chemistry,,LabTest
lt_52290,52290,Dna,Hematology,,LabTest
lt_52398,52398,FL2-%FL1,Hematology,,LabTest
lt_52397,52397,FL2-D,Hematology,,LabTest
lt_52401,52401,SSC-D,Hematology,,LabTest
lt_52396,52396,FL1-S,Hematology,,LabTest
lt_52402,52402,SSC-S,Hematology,,LabTest
lt_52395,52395,FL1-%FL2,Hematology,,LabTest
lt_52400,52400,FSC-S,Hematology,,LabTest
lt_52394,52394,FL1-D,Hematology,,LabTest
lt_52399,52399,FL2-S,Hematology,,LabTest
lt_51138,51138,Anticardiolipin Antibody IgG,Hematology,,LabTest
lt_51163,51163,CD16/56%,Hematology,,LabTest
lt_51201,51201,Epinepherine,Hematology,,LabTest
lt_51229,51229,"Heparin, LMW",Hematology,,LabTest
lt_51254,51254,Monocytes,Hematology,,LabTest
lt_51259,51259,Other Cells,Hematology,,LabTest
lt_52145,52145,Mono Spot Test,Hematology,,LabTest
lt_52169,52169,QFib,Hematology,,LabTest
lt_52205,52205,RetScat,Hematology,,LabTest
lt_52769,52769,Absolute Lymphocyte Count,Hematology,,LabTest
lt_52853,52853,Factor XII,Hematology,,LabTest
lt_51155,51155,CD11c,Hematology,,LabTest
lt_51267,51267,Poikilocytosis,Hematology,,LabTest
lt_51273,51273,"Protein S, Functional",Hematology,,LabTest
lt_51280,51280,Reptilase Time,Hematology,,LabTest
lt_52092,52092,CD56 %,Hematology,,LabTest
lt_52130,52130,Histiocytes,Hematology,,LabTest
lt_52138,52138,Kct,Hematology,,LabTest
lt_52154,52154,P2Y12 Reaction Units,Hematology,,LabTest
lt_52934,52934,"Reticulocyte Count, Manual",Hematology,,LabTest
lt_51189,51189,CD57,Hematology,,LabTest
lt_51205,51205,Factor VII,Hematology,,LabTest
lt_51252,51252,Microcytes,Hematology,,LabTest
lt_51279,51279,Red Blood Cells,Hematology,,LabTest
lt_51291,51291,Sickle Cells,Hematology,,LabTest
lt_52083,52083,Autohem+g,Hematology,,LabTest
lt_52186,52186,Test,Hematology,,LabTest
lt_51167,51167,CD2,Hematology,,LabTest
lt_52098,52098,Clot Lysis,Hematology,,LabTest
lt_52113,52113,Factor IX Inhibitor,Hematology,,LabTest
lt_52189,52189,Thrombin Time Control,Hematology,,LabTest
lt_52204,52204,RBCDist,Hematology,,LabTest
lt_51187,51187,CD55,Hematology,,LabTest
lt_51230,51230,HLA-DR,Hematology,,LabTest
lt_51233,51233,Hypochromia,Hematology,,LabTest
lt_52135,52135,Immature Granulocytes,Hematology,,LabTest
lt_52181,52181,Stomatocyte,Hematology,,LabTest
lt_52195,52195,Voided Specimen,Hematology,,LabTest
lt_51224,51224,Hemoglobin C,Hematology,,LabTest
lt_51276,51276,Quantitative G6PD,Hematology,,LabTest
lt_52082,52082,Aspirin Reactivity,Hematology,,LabTest
lt_52096,52096,Chloroacetate,Hematology,,LabTest
lt_52144,52144,Methemoglobin,Hematology,,LabTest
lt_52146,52146,Naphtol Acetate Stain,Hematology,,LabTest
lt_52163,52163,PT Control,Hematology,,LabTest
lt_51180,51180,"CD4 Cells, Percent",Hematology,,LabTest
lt_52077,52077,Acidserum,Hematology,,LabTest
lt_52102,52102,Crenated Cells,Hematology,,LabTest
lt_52103,52103,Cross Imm,Hematology,,LabTest
lt_52147,52147,NEUTX,Hematology,,LabTest
lt_52156,52156,Peroxidase Staining,Hematology,,LabTest
lt_52159,52159,Platelet Aggregation,Hematology,,LabTest
lt_51135,51135,ADP,Hematology,,LabTest
lt_51153,51153,CD103,Hematology,,LabTest
lt_51268,51268,Polychromasia,Hematology,,LabTest
lt_52203,52203,RBCAgg,Hematology,,LabTest
lt_52208,52208,BasoFlg,Hematology,,LabTest
lt_51143,51143,Atypical Lymphocytes,Hematology,,LabTest
lt_51147,51147,Bite Cells,Hematology,,LabTest
lt_51184,51184,CD5,Hematology,,LabTest
lt_51196,51196,D-Dimer,Hematology,,LabTest
lt_51199,51199,Eosinophil Count,Hematology,,LabTest
lt_52173,52173,Red Blood Cell Enzyme,Hematology,,LabTest
lt_52215,52215,ATLFlg,Hematology,,LabTest
lt_51154,51154,CD117,Hematology,,LabTest
lt_52115,52115,Fibrinoge,Hematology,,LabTest
lt_52182,52182,Sudan Black Staining,Hematology,,LabTest
lt_51142,51142,Arachadonic Acid,Hematology,,LabTest
lt_51177,51177,CD33,Hematology,,LabTest
lt_51178,51178,CD34,Hematology,,LabTest
lt_51217,51217,Glyco A,Hematology,,LabTest
lt_51244,51244,Lymphocytes,Hematology,,LabTest
lt_52153,52153,Other Inhibitor,Hematology,,LabTest
lt_52174,52174,"Reptilase Time, Control",Hematology,,LabTest
lt_52188,52188,Thrombin Time Control,Hematology,,LabTest
lt_51150,51150,Blood Parasite Smear,Hematology,,LabTest
lt_51169,51169,CD20 %,Hematology,,LabTest
lt_51227,51227,Hemogloblin S,Hematology,,LabTest
lt_51272,51272,"Protein S, Antigen",Hematology,,LabTest
lt_51290,51290,Sickle Cell Preparation,Hematology,,LabTest
lt_52072,52072,Absolute CD56 Count,Hematology,,LabTest
lt_52084,52084,Autohem-g,Hematology,,LabTest
lt_52219,52219,WBCScat,Hematology,,LabTest
lt_51186,51186,CD5 Absolute Count,Hematology,,LabTest
lt_51188,51188,CD56,Hematology,,LabTest
lt_51245,51245,"Lymphocytes, Percent",Hematology,,LabTest
lt_52095,52095,CD62,Hematology,,LabTest
lt_52120,52120,Fitzgerld,Hematology,,LabTest
lt_52160,52160,Prekallekrein,Hematology,,LabTest
lt_52178,52178,SCT - Normalized Ratio,Hematology,,LabTest
lt_52187,52187,Thrombin Time,Hematology,,LabTest
lt_52921,52921,PT,Hematology,,LabTest
lt_52126,52126,Heinz Aph,Hematology,,LabTest
lt_52190,52190,Tissue Thromboplastin Inhibitor,Hematology,,LabTest
lt_51132,51132,Absolute CD8 Count,Hematology,,LabTest
lt_51140,51140,Antithrombin,Hematology,,LabTest
lt_51141,51141,APT Test,Hematology,,LabTest
lt_51212,51212,Fetal Hemoglobin,Hematology,,LabTest
lt_51214,51214,"Fibrinogen, Functional",Hematology,,LabTest
lt_51235,51235,Inhibitor Screen,Hematology,,LabTest
lt_52093,52093,CD56 Absolute Count,Hematology,,LabTest
lt_52139,52139,LE Prep,Hematology,,LabTest
lt_52210,52210,LeftShf,Hematology,,LabTest
lt_51270,51270,"Protein C, Antigen",Hematology,,LabTest
lt_52091,52091,CD52,Hematology,,LabTest
lt_52111,52111,Echinocytes,Hematology,,LabTest
lt_51202,51202,Factor II,Hematology,,LabTest
lt_51234,51234,Immunophenotyping,Hematology,,LabTest
lt_51255,51255,Myelocytes,Hematology,,LabTest
lt_52086,52086,Bleed Tm,Hematology,,LabTest
lt_52129,52129,Hemoglobin Other,Hematology,,LabTest
lt_52200,52200,PltDist,Hematology,,LabTest
lt_52206,52206,RetFlg,Hematology,,LabTest
lt_51208,51208,Factor X,Hematology,,LabTest
lt_51226,51226,Hemogloblin A,Hematology,,LabTest
lt_52107,52107,dRVVT - Confirmation,Hematology,,LabTest
lt_52136,52136,Inhibitor,Hematology,,LabTest
lt_52786,52786,Bleeding Time,Hematology,,LabTest
lt_51146,51146,Basophils,Hematology,,LabTest
lt_51182,51182,CD41,Hematology,,LabTest
lt_51260,51260,Ovalocytes,Hematology,,LabTest
lt_51139,51139,Anticardiolipin Antibody IgM,Hematology,,LabTest
lt_52116,52116,Fibrinogen,Hematology,,LabTest
lt_52162,52162,Protein S,Hematology,,LabTest
lt_52172,52172,RDW-SD,Hematology,,LabTest
lt_52192,52192,Trap Stain,Hematology,,LabTest
lt_51210,51210,Factor XII,Hematology,,LabTest
lt_51240,51240,Large Platelets,Hematology,,LabTest
lt_51249,51249,MCHC,Hematology,,LabTest
lt_51258,51258,Osmotic Fragility,Hematology,,LabTest
lt_51281,51281,Reptilase Time Control,Hematology,,LabTest
lt_52068,52068,24 Hr,Hematology,,LabTest
lt_52220,52220,wbcp,Hematology,,LabTest
lt_51174,51174,CD3 %,Hematology,,LabTest
lt_51176,51176,"CD3 Cells, Percent",Hematology,,LabTest
lt_51269,51269,Promyelocytes,Hematology,,LabTest
lt_52168,52168,Pyruvate Kinase,Hematology,,LabTest
lt_51134,51134,Acanthocytes,Hematology,,LabTest
lt_51215,51215,FMC-7,Hematology,,LabTest
lt_51264,51264,Platelet Clumps,Hematology,,LabTest
lt_51283,51283,"Reticulocyte Count, Automated",Hematology,,LabTest
lt_52152,52152,"Osmotic Fragility, Incubated",Hematology,,LabTest
lt_52948,52948,Thrombin,Hematology,,LabTest
lt_51162,51162,CD16/56 Absolute Count,Hematology,,LabTest
lt_51181,51181,CD4/CD8 Ratio,Hematology,,LabTest
lt_51203,51203,Factor IX,Hematology,,LabTest
lt_51253,51253,Monocyte Count,Hematology,,LabTest
lt_52071,52071,Absolute CD20 Count,Hematology,,LabTest
lt_52080,52080,Asd,Hematology,,LabTest
lt_52201,52201,PltScat,Hematology,,LabTest
lt_51158,51158,CD14,Hematology,,LabTest
lt_51168,51168,CD20,Hematology,,LabTest
lt_51237,51237,INR(PT),Hematology,,LabTest
lt_51295,51295,TdT,Hematology,,LabTest
lt_52081,52081,ASD & NA-F,Hematology,,LabTest
lt_52108,52108,dRVVT - Normalized Ratio,Hematology,,LabTest
lt_52150,52150,Non-Specific Esterase,Hematology,,LabTest
lt_52171,52171,RBC Morphology,Hematology,,LabTest
lt_51164,51164,CD19,Hematology,,LabTest
lt_51170,51170,CD20 Absolute Count,Hematology,,LabTest
lt_51231,51231,Howell-Jolly Bodies,Hematology,,LabTest
lt_51278,51278,Red Blood Cell Fragments,Hematology,,LabTest
lt_51299,51299,Von Willebrand Factor Antigen,Hematology,,LabTest
lt_52094,52094,CD61,Hematology,,LabTest
lt_52124,52124,G6pd Spec,Hematology,,LabTest
lt_52185,52185,TCR Gamma-Delta,Hematology,,LabTest
lt_52212,52212,MonoFlg,Hematology,,LabTest
lt_52213,52213,NRBCFlg,Hematology,,LabTest
lt_52858,52858,Fibrin Degradation Products,Hematology,,LabTest
lt_51157,51157,CD138,Hematology,,LabTest
lt_51171,51171,CD22,Hematology,,LabTest
lt_51179,51179,CD38,Hematology,,LabTest
lt_51133,51133,Absolute Lymphocyte Count,Hematology,,LabTest
lt_51197,51197,Elliptocytes,Hematology,,LabTest
lt_51211,51211,Factor XIII,Hematology,,LabTest
lt_52164,52164,PT Mean,Hematology,,LabTest
lt_52199,52199,FragFlg,Hematology,,LabTest
lt_52218,52218,IG Flg,Hematology,,LabTest
lt_52840,52840,Factor IX,Hematology,,LabTest
lt_51136,51136,Alpha Antiplasmin,Hematology,,LabTest
lt_51145,51145,Basophilic Stippling,Hematology,,LabTest
lt_51195,51195,Collagen,Hematology,,LabTest
lt_52087,52087,CD15/56,Hematology,,LabTest
lt_52176,52176,Rouleaux,Hematology,,LabTest
lt_52202,52202,PltClmp,Hematology,,LabTest
lt_51183,51183,CD45,Hematology,,LabTest
lt_51241,51241,Leukocyte Alkaline Phosphatase,Hematology,,LabTest
lt_52085,52085,Bleed Tm,Hematology,,LabTest
lt_52101,52101,Cr,Hematology,,LabTest
lt_52109,52109,dRVVT - Screen,Hematology,,LabTest
lt_52128,52128,Hemoglobin H Inclusion,Hematology,,LabTest
lt_52141,52141,Malaria Smear,Hematology,,LabTest
lt_52155,52155,Periodic Acid Schiff Stain,Hematology,,LabTest
lt_52844,52844,Factor VII,Hematology,,LabTest
lt_51185,51185,CD5 %,Hematology,,LabTest
lt_51198,51198,Envelope Cells,Hematology,,LabTest
lt_51222,51222,Hemoglobin,Hematology,,LabTest
lt_51284,51284,"Reticulocyte Count, Manual",Hematology,,LabTest
lt_52184,52184,TCR Alpha-Beta,Hematology,,LabTest
lt_52193,52193,Viii Ag,Hematology,,LabTest
lt_51243,51243,Lupus Anticoagulant,Hematology,,LabTest
lt_51251,51251,Metamyelocytes,Hematology,,LabTest
lt_51285,51285,"Reticulocyte, Cellular Hemoglobin",Hematology,,LabTest
lt_52099,52099,Clot Retraction,Hematology,,LabTest
lt_52132,52132,HIT-Ab Numerical Result,Hematology,,LabTest
lt_52177,52177,SCT - Confirmation,Hematology,,LabTest
lt_52838,52838,Factor II,Hematology,,LabTest
lt_51131,51131,Absolute CD4 Count,Hematology,,LabTest
lt_51262,51262,Pencil Cells,Hematology,,LabTest
lt_51265,51265,Platelet Count,Hematology,,LabTest
lt_52088,52088,CD 1a,Hematology,,LabTest
lt_52089,52089,CD30,Hematology,,LabTest
lt_52161,52161,Problem Specimen,Hematology,,LabTest
lt_52207,52207,TurbHbI,Hematology,,LabTest
lt_52842,52842,Factor V,Hematology,,LabTest
lt_51207,51207,Factor VIII Inhibitor,Hematology,,LabTest
lt_51221,51221,Hematocrit,Hematology,,LabTest
lt_51223,51223,Hemoglobin A2,Hematology,,LabTest
lt_51277,51277,RDW,Hematology,,LabTest
lt_51287,51287,Schistocytes,Hematology,,LabTest
lt_51292,51292,Spherocytes,Hematology,,LabTest
lt_51298,51298,Von Willebrand Factor Activity,Hematology,,LabTest
lt_52125,52125,Glutathione,Hematology,,LabTest
lt_52157,52157,Plasma Hemoglobin,Hematology,,LabTest
lt_52191,52191,Tr- Acid,Hematology,,LabTest
lt_52214,52214,AbnLymp,Hematology,,LabTest
lt_52846,52846,Factor VIII,Hematology,,LabTest
lt_51130,51130,Absolute CD3 Count,Hematology,,LabTest
lt_51271,51271,"Protein C, Functional",Hematology,,LabTest
lt_51302,51302,Young Cells,Hematology,,LabTest
lt_52069,52069,Absolute Basophil Count,Hematology,,LabTest
lt_52122,52122,Fsp,Hematology,,LabTest
lt_52148,52148,NEUTY,Hematology,,LabTest
lt_52170,52170, Rbc,Hematology,,LabTest
lt_52196,52196,WAM Manual Diff,Hematology,,LabTest
lt_52851,52851,Factor XI,Hematology,,LabTest
lt_52855,52855,Factor XIII,Hematology,,LabTest
lt_51156,51156,CD13,Hematology,,LabTest
lt_51175,51175,CD3 Absolute Count,Hematology,,LabTest
lt_52097,52097,Circ Ab,Hematology,,LabTest
lt_52106,52106,Donath-l,Hematology,,LabTest
lt_52112,52112,Euglobulin Lysis,Hematology,,LabTest
lt_52216,52216,BlasFlg,Hematology,,LabTest
lt_51213,51213,Fibrin Degradation Products,Hematology,,LabTest
lt_51257,51257,Nucleated Red Cells,Hematology,,LabTest
lt_51300,51300,WBC Count,Hematology,,LabTest
lt_52075,52075,Absolute Neutrophil Count,Hematology,,LabTest
lt_52105,52105,Direct Antiplatelet Antibodies,Hematology,,LabTest
lt_52123,52123,"G6PD, Qualitative",Hematology,,LabTest
lt_52131,52131,HIT-Ab Interpreted Result,Hematology,,LabTest
lt_52179,52179,SCT - Screen,Hematology,,LabTest
lt_51137,51137,Anisocytosis,Hematology,,LabTest
lt_51152,51152,CD10,Hematology,,LabTest
lt_51200,51200,Eosinophils,Hematology,,LabTest
lt_51266,51266,Platelet Smear,Hematology,,LabTest
lt_52073,52073,Absolute Eosinophil Count,Hematology,,LabTest
lt_52140,52140,LS,Hematology,,LabTest
lt_52849,52849,Factor X,Hematology,,LabTest
lt_51149,51149,Bleeding Time,Hematology,,LabTest
lt_51236,51236,Inpatient Hematology/Oncology Smear,Hematology,,LabTest
lt_51294,51294,Target Cells,Hematology,,LabTest
lt_51296,51296,Teardrop Cells,Hematology,,LabTest
lt_52175,52175,Ristocetin Response,Hematology,,LabTest
lt_52197,52197,WAM MANUAL DIFF 2,Hematology,,LabTest
lt_52198,52198,ErytFlg,Hematology,,LabTest
lt_51144,51144,Bands,Hematology,,LabTest
lt_51218,51218,Granulocyte Count,Hematology,,LabTest
lt_51232,51232,Hypersegmented Neutrophils,Hematology,,LabTest
lt_51238,51238,Kappa,Hematology,,LabTest
lt_51239,51239,Lambda,Hematology,,LabTest
lt_51256,51256,Neutrophils,Hematology,,LabTest
lt_51297,51297,Thrombin,Hematology,,LabTest
lt_52104,52104,Cryoglob,Hematology,,LabTest
lt_52110,52110,DSmear,Hematology,,LabTest
lt_52137,52137,Inh Scr,Hematology,,LabTest
lt_52180,52180,STA-CLOT,Hematology,,LabTest
lt_51166,51166,CD19 Absolute Count,Hematology,,LabTest
lt_51191,51191,CD64,Hematology,,LabTest
lt_51225,51225,Hemoglobin F,Hematology,,LabTest
lt_51286,51286,Ristocetin,Hematology,,LabTest
lt_51288,51288,Sedimentation Rate,Hematology,,LabTest
lt_51172,51172,CD23,Hematology,,LabTest
lt_51190,51190,CD59,Hematology,,LabTest
lt_51247,51247,MacroOvalocytes,Hematology,,LabTest
lt_52133,52133,Hmwk,Hematology,,LabTest
lt_52158,52158,Plasminogen,Hematology,,LabTest
lt_51165,51165,CD19 %,Hematology,,LabTest
lt_51250,51250,MCV,Hematology,,LabTest
lt_51274,51274,PT,Hematology,,LabTest
lt_51293,51293,Sugar Water Test,Hematology,,LabTest
lt_52078,52078,Antithrombin III,Hematology,,LabTest
lt_52165,52165,PTT Control,Hematology,,LabTest
lt_52166,52166,PTT-LA,Hematology,,LabTest
lt_51220,51220,Heinz Body Prep,Hematology,,LabTest
lt_51242,51242,LUC,Hematology,,LabTest
lt_51263,51263,Plasma Cells,Hematology,,LabTest
lt_51275,51275,PTT,Hematology,,LabTest
lt_52119,52119,Fitzgerld,Hematology,,LabTest
lt_52127,52127,Helmet Cells,Hematology,,LabTest
lt_52183,52183,Sulf Hgb,Hematology,,LabTest
lt_51204,51204,Factor V,Hematology,,LabTest
lt_51219,51219,H/O Smear,Hematology,,LabTest
lt_51261,51261,Pappenheimer Bodies,Hematology,,LabTest
lt_52167,52167,PTT mea,Hematology,,LabTest
lt_52889,52889,Lupus Anticoagulant,Hematology,,LabTest
lt_52929,52929,Reptilase Time,Hematology,,LabTest
lt_52070,52070,Absolute CD19 Count,Hematology,,LabTest
lt_52114,52114,Factor VIII Antigen,Hematology,,LabTest
lt_52117,52117,"Fibrinogen, Immunologic",Hematology,,LabTest
lt_52209,52209,EosFlg,Hematology,,LabTest
lt_52217,52217,Bl/AbLy,Hematology,,LabTest
lt_51161,51161,CD16,Hematology,,LabTest
lt_51209,51209,Factor XI,Hematology,,LabTest
lt_51228,51228,Heparin,Hematology,,LabTest
lt_52090,52090,CD42,Hematology,,LabTest
lt_52149,52149,NFletcher,Hematology,,LabTest
lt_52151,52151,NRBC,Hematology,,LabTest
lt_52211,52211,LymFlg,Hematology,,LabTest
lt_51159,51159,CD15,Hematology,,LabTest
lt_51193,51193,CD71,Hematology,,LabTest
lt_51216,51216,Fragmented Cells,Hematology,,LabTest
lt_52079,52079,ASA Tol,Hematology,,LabTest
lt_52143,52143,Methemalb,Hematology,,LabTest
lt_52194,52194,VIII-CIE,Hematology,,LabTest
lt_51148,51148,Blasts,Hematology,,LabTest
lt_51192,51192,CD7,Hematology,,LabTest
lt_51206,51206,Factor VIII,Hematology,,LabTest
lt_51248,51248,MCH,Hematology,,LabTest
lt_51282,51282,"Reticulocyte Count, Absolute",Hematology,,LabTest
lt_51289,51289,Serum Viscosity,Hematology,,LabTest
lt_51301,51301,White Blood Cells,Hematology,,LabTest
lt_52074,52074,Absolute Monocyte Count,Hematology,,LabTest
lt_52100,52100,Clot Time,Hematology,,LabTest
lt_52142,52142,Mean Platelet Volume,Hematology,,LabTest
lt_52923,52923,PTT,Hematology,,LabTest
lt_51173,51173,CD25,Hematology,,LabTest
lt_51194,51194,"CD8 Cells, Percent",Hematology,,LabTest
lt_51246,51246,Macrocytes,Hematology,,LabTest
lt_52076,52076,Acid Phosphatase Stain,Hematology,,LabTest
lt_52121,52121,Fletcher,Hematology,,LabTest
lt_52134,52134,IG,Hematology,,LabTest
lt_52403,52403,Bile,Hematology,,LabTest
lt_52406,52406,Voided Specimen,Hematology,,LabTest
lt_52405,52405,Prblm,Hematology,,LabTest
lt_52407,52407,WBC,Hematology,,LabTest
lt_51460,51460,"Blood, Occult",Hematology,,LabTest
lt_52404,52404,Fat,Hematology,,LabTest
lt_51476,51476,Epithelial Cells,Hematology,,LabTest
lt_52425,52425,XUCU,Hematology,,LabTest
lt_52423,52423,SKIP,Hematology,,LabTest
lt_52416,52416,Myoglobin,Hematology,,LabTest
lt_51491,51491,pH,Hematology,,LabTest
lt_51479,51479,Granular Casts,Hematology,,LabTest
lt_51502,51502,Trichomonas,Hematology,,LabTest
lt_52424,52424,RFXUCU,Hematology,,LabTest
lt_52408,52408,Bacturia,Hematology,,LabTest
lt_52419,52419,Voided Specimen,Hematology,,LabTest
lt_51467,51467,Broad Casts,Hematology,,LabTest
lt_51477,51477,Free Fat,Hematology,,LabTest
lt_51483,51483,Hyphenated Yeast,Hematology,,LabTest
lt_51501,51501,Transitional Epithelial Cells,Hematology,,LabTest
lt_51503,51503,Triple Phosphate Crystals,Hematology,,LabTest
lt_51511,51511,Urine Fat Bodies,Hematology,,LabTest
lt_51474,51474,Eosinophils,Hematology,,LabTest
lt_51462,51462,Amorphous Crystals,Hematology,,LabTest
lt_51465,51465,Bilirubin Crystals,Hematology,,LabTest
lt_51473,51473,Cysteine Crystals,Hematology,,LabTest
lt_51509,51509,Urine Comments,Hematology,,LabTest
lt_51514,51514,Urobilinogen,Hematology,,LabTest
lt_51461,51461,Ammonium Biurate,Hematology,,LabTest
lt_51478,51478,Glucose,Hematology,,LabTest
lt_51485,51485,Leucine Crystals,Hematology,,LabTest
lt_51496,51496,"Reducing Substances, Urine",Hematology,,LabTest
lt_52426,52426,UCU1,Hematology,,LabTest
lt_51510,51510,"Urine Crystals, Other",Hematology,,LabTest
lt_51468,51468,Calcium Carbonate Crystals,Hematology,,LabTest
lt_51463,51463,Bacteria,Hematology,,LabTest
lt_51504,51504,Tyrosine Crystals,Hematology,,LabTest
lt_52418,52418,Problem Specimen,Hematology,,LabTest
lt_52422,52422,RUN,Hematology,,LabTest
lt_51464,51464,Bilirubin,Hematology,,LabTest
lt_51499,51499,Sperm,Hematology,,LabTest
lt_52411,52411,Hgb,Hematology,,LabTest
lt_51472,51472,Cholesterol Crystals,Hematology,,LabTest
lt_51481,51481,Hemosiderin,Hematology,,LabTest
lt_51512,51512,Urine Mucous,Hematology,,LabTest
lt_52412,52412,HPF,Hematology,,LabTest
lt_52413,52413,Leuks,Hematology,,LabTest
lt_51508,51508,Urine Color,Hematology,,LabTest
lt_51482,51482,Hyaline Casts,Hematology,,LabTest
lt_51489,51489,NonSquamous Epithelial Cell,Hematology,,LabTest
lt_52410,52410,Fatty Casts,Hematology,,LabTest
lt_52409,52409,Budding Yeast,Hematology,,LabTest
lt_51466,51466,Blood,Hematology,,LabTest
lt_51488,51488,Non-squamous Epithelial Cells,Hematology,,LabTest
lt_52427,52427,UCU2,Hematology,,LabTest
lt_51487,51487,Nitrite,Hematology,,LabTest
lt_51492,51492,Protein,Hematology,,LabTest
lt_51500,51500,Sulfonamides,Hematology,,LabTest
lt_51498,51498,Specific Gravity,Hematology,,LabTest
lt_51490,51490,Oval Fat Body,Hematology,,LabTest
lt_52414,52414,LEUKS,Hematology,,LabTest
lt_51475,51475,Epithelial Casts,Hematology,,LabTest
lt_51495,51495,RBC Clumps,Hematology,,LabTest
lt_51497,51497,Renal Epithelial Cells,Hematology,,LabTest
lt_51484,51484,Ketone,Hematology,,LabTest
lt_51517,51517,WBC Casts,Hematology,,LabTest
lt_51469,51469,Calcium Oxalate Crystals,Hematology,,LabTest
lt_51493,51493,RBC,Hematology,,LabTest
lt_51505,51505,Uric Acid Crystals,Hematology,,LabTest
lt_51519,51519,Yeast,Hematology,,LabTest
lt_51470,51470,Calcium Phosphate Crystals,Hematology,,LabTest
lt_51506,51506,Urine Appearance,Hematology,,LabTest
lt_52420,52420,ZZDUMMY,Hematology,,LabTest
lt_52421,52421,GATE,Hematology,,LabTest
lt_51471,51471,Cellular Cast,Hematology,,LabTest
lt_51494,51494,RBC Casts,Hematology,,LabTest
lt_52415,52415,LPF,Hematology,,LabTest
lt_51513,51513,Urine Specimen Type,Hematology,,LabTest
lt_51515,51515,Waxy Casts,Hematology,,LabTest
lt_51507,51507,"Urine Casts, Other",Hematology,,LabTest
lt_51516,51516,WBC,Hematology,,LabTest
lt_51518,51518,WBC Clumps,Hematology,,LabTest
lt_52417,52417,Pku,Hematology,,LabTest
lt_51480,51480,Hematocrit,Hematology,,LabTest
lt_51486,51486,Leukocytes,Hematology,,LabTest
lt_51127,51127,"RBC, Ascites",Hematology,,LabTest
lt_51113,51113,Blasts,Hematology,,LabTest
lt_52054,52054,Histiocyte,Hematology,,LabTest
lt_52063,52063,Polys#,Hematology,,LabTest
lt_51119,51119,Metamyelocytes,Hematology,,LabTest
lt_51123,51123,Other,Hematology,,LabTest
lt_51117,51117,Macrophage,Hematology,,LabTest
lt_52067,52067,Young#,Hematology,,LabTest
lt_51116,51116,Lymphocytes,Hematology,,LabTest
lt_51125,51125,Polys,Hematology,,LabTest
lt_51110,51110,Atypical Lymphocytes,Hematology,,LabTest
lt_52062,52062,Plasma#,Hematology,,LabTest
lt_51118,51118,Mesothelial Cell,Hematology,,LabTest
lt_51111,51111,Bands,Hematology,,LabTest
lt_51120,51120,Monocytes,Hematology,,LabTest
lt_52066,52066,Voided Specimen,Hematology,,LabTest
lt_52065,52065,"Total Nucleated Cells, Ascites",Hematology,,LabTest
lt_52064,52064,Promyelo#,Hematology,,LabTest
lt_52052,52052,Eos#,Hematology,,LabTest
lt_52051,52051,Blasts#,Hematology,,LabTest
lt_52059,52059,Monos#,Hematology,,LabTest
lt_51126,51126,Promyelocytes,Hematology,,LabTest
lt_51115,51115,"Hematocrit, Ascites",Hematology,,LabTest
lt_51114,51114,Eosinophils,Hematology,,LabTest
lt_52055,52055,Hyperseg,Hematology,,LabTest
lt_52061,52061,Nuc Rbcs#,Hematology,,LabTest
lt_52053,52053,Histio#,Hematology,,LabTest
lt_52060,52060,Myelos#,Hematology,,LabTest
lt_52048,52048,Atyps#,Hematology,,LabTest
lt_52050,52050,Basos#,Hematology,,LabTest
lt_52057,52057,Lymphs#,Hematology,,LabTest
lt_51112,51112,Basophils,Hematology,,LabTest
lt_52058,52058,Metas#,Hematology,,LabTest
lt_52056,52056,Hyperseg#,Hematology,,LabTest
lt_51122,51122,Nucleated RBC,Hematology,,LabTest
lt_51129,51129,Young,Hematology,,LabTest
lt_51124,51124,Plasma,Hematology,,LabTest
lt_52049,52049,Bands#,Hematology,,LabTest
lt_51121,51121,Myelocytes,Hematology,,LabTest
lt_51448,51448,Mesothelial Cells,Hematology,,LabTest
lt_52375,52375,Atyps#,Hematology,,LabTest
lt_52388,52388,Plasma#,Hematology,,LabTest
lt_51453,51453,Other,Hematology,,LabTest
lt_52381,52381,Histiocytes,Hematology,,LabTest
lt_51454,51454,Plasma Cells,Hematology,,LabTest
lt_52384,52384,Lymphs#,Hematology,,LabTest
lt_52392,52392,Voided Specimen,Hematology,,LabTest
lt_51455,51455,Polys,Hematology,,LabTest
lt_52377,52377,Basos#,Hematology,,LabTest
lt_51449,51449,Metamyelocytes,Hematology,,LabTest
lt_51442,51442,Basophils,Hematology,,LabTest
lt_51440,51440,Atypical Lymphocytes,Hematology,,LabTest
lt_51444,51444,Eosinophils,Hematology,,LabTest
lt_52378,52378,Blasts#,Hematology,,LabTest
lt_51457,51457,"RBC, Pleural",Hematology,,LabTest
lt_51441,51441,Bands,Hematology,,LabTest
lt_51450,51450,Monos,Hematology,,LabTest
lt_51445,51445,"Hematocrit, Pleural",Hematology,,LabTest
lt_52387,52387,Myelos#,Hematology,,LabTest
lt_52390,52390,Promyelocytes#,Hematology,,LabTest
lt_51452,51452,NRBC,Hematology,,LabTest
lt_52379,52379,Eos#,Hematology,,LabTest
lt_52382,52382,Hypersegmented  Neutrophils#,Hematology,,LabTest
lt_52391,52391,"Total Nucleated Cells, Pleural",Hematology,,LabTest
lt_51443,51443,Blasts,Hematology,,LabTest
lt_51459,51459,Young Cells,Hematology,,LabTest
lt_52383,52383,Hypersegmented Neutrophils,Hematology,,LabTest
lt_52389,52389,Polys#,Hematology,,LabTest
lt_51456,51456,Promyelocytes,Hematology,,LabTest
lt_51446,51446,Lymphocytes,Hematology,,LabTest
lt_52393,52393,Young#,Hematology,,LabTest
lt_51447,51447,Macrophages,Hematology,,LabTest
lt_51451,51451,Myelocytes,Hematology,,LabTest
lt_52380,52380,Histiocyte#,Hematology,,LabTest
lt_52376,52376,Bands#,Hematology,,LabTest
lt_52385,52385,Metas#,Hematology,,LabTest
lt_53083,53083,NRBC,Hematology,,LabTest
lt_52386,52386,Monos#,Hematology,,LabTest
lt_51304,51304,CD103,Hematology,,LabTest
lt_51322,51322,CD38,Hematology,,LabTest
lt_52324,52324,CD62,Hematology,,LabTest
lt_51320,51320,CD33,Hematology,,LabTest
lt_52323,52323,CD61,Hematology,,LabTest
lt_52331,52331,TCR Alpha-Beta,Hematology,,LabTest
lt_51314,51314,CD2,Hematology,,LabTest
lt_51316,51316,CD22,Hematology,,LabTest
lt_51321,51321,CD34,Hematology,,LabTest
lt_51331,51331,CD64,Hematology,,LabTest
lt_52318,52318,Asd&na-f,Hematology,,LabTest
lt_52320,52320,CD30,Hematology,,LabTest
lt_51317,51317,CD23,Hematology,,LabTest
lt_51335,51335,FMC-7,Hematology,,LabTest
lt_52325,52325,Chloroacetate Esterase,Hematology,,LabTest
lt_52317,52317,Asd,Hematology,,LabTest
lt_51339,51339,Iron Stain,Hematology,,LabTest
lt_52328,52328,Periodic Schiff Stain,Hematology,,LabTest
lt_51307,51307,CD13,Hematology,,LabTest
lt_51330,51330,CD59,Hematology,,LabTest
lt_52955,52955,CD10,Hematology,,LabTest
lt_52326,52326,Naphthol Acetate Stain,Hematology,,LabTest
lt_51306,51306,CD11c,Hematology,,LabTest
lt_51324,51324,CD41,Hematology,,LabTest
lt_51308,51308,CD138,Hematology,,LabTest
lt_51328,51328,CD56,Hematology,,LabTest
lt_52333,52333,Tr-acid,Hematology,,LabTest
lt_51309,51309,CD14,Hematology,,LabTest
lt_51312,51312,CD16/56,Hematology,,LabTest
lt_52319,52319,CD 1a,Hematology,,LabTest
lt_52316,52316,Acid Phosphatase Stain,Hematology,,LabTest
lt_52992,52992,Iron Stain,Hematology,,LabTest
lt_51305,51305,CD117,Hematology,,LabTest
lt_51318,51318,CD25,Hematology,,LabTest
lt_51323,51323,CD4,Hematology,,LabTest
lt_51336,51336,Glyco A,Hematology,,LabTest
lt_51340,51340,Kappa,Hematology,,LabTest
lt_51334,51334,CD8,Hematology,,LabTest
lt_52322,52322,CD52,Hematology,,LabTest
lt_52321,52321,CD42,Hematology,,LabTest
lt_51311,51311,CD16,Hematology,,LabTest
lt_51327,51327,CD55,Hematology,,LabTest
lt_52335,52335,TdT,Hematology,,LabTest
lt_52332,52332,TCR Gamma-Delta,Hematology,,LabTest
lt_51337,51337,HLA-DR,Hematology,,LabTest
lt_52334,52334,Voided Specimen,Hematology,,LabTest
lt_51303,51303,CD10,Hematology,,LabTest
lt_51333,51333,CD71,Hematology,,LabTest
lt_51338,51338,Immunophenotyping,Hematology,,LabTest
lt_51326,51326,CD5,Hematology,,LabTest
lt_51342,51342,Wright Giemsa,Hematology,,LabTest
lt_52330,52330,Sudan Black Stain,Hematology,,LabTest
lt_51329,51329,CD57,Hematology,,LabTest
lt_51319,51319,CD3,Hematology,,LabTest
lt_51341,51341,Lambda,Hematology,,LabTest
lt_51313,51313,CD19,Hematology,,LabTest
lt_52329,52329,Peroxidase Stain,Hematology,,LabTest
lt_51310,51310,CD15,Hematology,,LabTest
lt_51315,51315,CD20,Hematology,,LabTest
lt_51332,51332,CD7,Hematology,,LabTest
lt_52327,52327,Naphthol Butryrate,Hematology,,LabTest
lt_51325,51325,CD45,Hematology,,LabTest
lt_52305,52305,Myelocytes,Hematology,,LabTest
lt_52300,52300,Hypersegmented Neutrophils #,Hematology,,LabTest
lt_52311,52311,Promyelocytes,Hematology,,LabTest
lt_52295,52295,Blasts#,Hematology,,LabTest
lt_51372,51372,"Joint Crystals, Location",Hematology,,LabTest
lt_52302,52302,Lymphs#,Hematology,,LabTest
lt_52314,52314,Young,Hematology,,LabTest
lt_51366,51366,Bands,Hematology,,LabTest
lt_51375,51375,Lymphocytes,Hematology,,LabTest
lt_52297,52297,Histio#,Hematology,,LabTest
lt_51369,51369,"Hematocrit, Joint Fluid",Hematology,,LabTest
lt_51370,51370,"Joint Crystals, Birefringence",Hematology,,LabTest
lt_52294,52294,Blasts,Hematology,,LabTest
lt_52291,52291,Atyps#,Hematology,,LabTest
lt_51380,51380,NRBC,Hematology,,LabTest
lt_51383,51383,"RBC, Joint Fluid",Hematology,,LabTest
lt_52315,52315,Young#,Hematology,,LabTest
lt_51376,51376,Macrophage,Hematology,,LabTest
lt_52304,52304,Monos#,Hematology,,LabTest
lt_52312,52312,"Total Nucleated Cells, Joint",Hematology,,LabTest
lt_51379,51379,Monocytes,Hematology,,LabTest
lt_51365,51365,Atypical Lymphocytes,Hematology,,LabTest
lt_51371,51371,"Joint Crystals, Comment",Hematology,,LabTest
lt_52306,52306,Myelos#,Hematology,,LabTest
lt_53012,53012,NRBC,Hematology,,LabTest
lt_52298,52298,Histiocyte,Hematology,,LabTest
lt_52301,52301,Lining Cell,Hematology,,LabTest
lt_51377,51377,Mesothelial Cells,Hematology,,LabTest
lt_52313,52313,Voided Specimen,Hematology,,LabTest
lt_51367,51367,Basophils,Hematology,,LabTest
lt_51378,51378,Metamyelocytes,Hematology,,LabTest
lt_52299,52299,Hypersegmented Neutrophils,Hematology,,LabTest
lt_52308,52308,Plasma#,Hematology,,LabTest
lt_51374,51374,"Joint Crystals, Shape",Hematology,,LabTest
lt_52296,52296,Eos#,Hematology,,LabTest
lt_52310,52310,Promyelo#,Hematology,,LabTest
lt_51373,51373,"Joint Crystals, Number",Hematology,,LabTest
lt_52309,52309,Polys#,Hematology,,LabTest
lt_51368,51368,Eosinophils,Hematology,,LabTest
lt_52293,52293,Basos#,Hematology,,LabTest
lt_51382,51382,Polys,Hematology,,LabTest
lt_52307,52307,Plasma,Hematology,,LabTest
lt_51381,51381,Other,Hematology,,LabTest
lt_52292,52292,Bands#,Hematology,,LabTest
lt_52303,52303,Metas#,Hematology,,LabTest
lt_51393,51393,CD138,Hematology,,LabTest
lt_52372,52372,Young#,Hematology,,LabTest
lt_52367,52367,TCR Alpha-Beta,Hematology,,LabTest
lt_51391,51391,CD11c,Hematology,,LabTest
lt_51403,51403,CD25,Hematology,,LabTest
lt_51409,51409,CD4/CD8 Ratio,Hematology,,LabTest
lt_51396,51396,CD16,Hematology,,LabTest
lt_51389,51389,CD103,Hematology,,LabTest
lt_52339,52339,Blasts,Hematology,,LabTest
lt_51394,51394,CD14,Hematology,,LabTest
lt_51398,51398,CD19,Hematology,,LabTest
lt_51399,51399,CD2,Hematology,,LabTest
lt_51427,51427,Lymphocytes,Hematology,,LabTest
lt_52340,52340,Blasts#,Hematology,,LabTest
lt_52349,52349,Chloroac,Hematology,,LabTest
lt_51385,51385,Atypical Lymphocytes,Hematology,,LabTest
lt_52358,52358,Lining Cell,Hematology,,LabTest
lt_51432,51432,Myelocytes,Hematology,,LabTest
lt_51412,51412,CD5,Hematology,,LabTest
lt_51410,51410,CD41,Hematology,,LabTest
lt_52364,52364,Plasma#,Hematology,,LabTest
lt_51413,51413,CD56,Hematology,,LabTest
lt_51421,51421,Glyco A,Hematology,,LabTest
lt_52336,52336,Atyps#,Hematology,,LabTest
lt_52342,52342,CD30,Hematology,,LabTest
lt_52346,52346,CD59,Hematology,,LabTest
lt_52356,52356,Hypersegmented Neutrophils#,Hematology,,LabTest
lt_52360,52360,Metamyelocytes#,Hematology,,LabTest
lt_51436,51436,Polys,Hematology,,LabTest
lt_52350,52350,Eos#,Hematology,,LabTest
lt_52359,52359,Lymphs#,Hematology,,LabTest
lt_52371,52371,Young,Hematology,,LabTest
lt_52355,52355,Hypersegmented Neutrophils,Hematology,,LabTest
lt_52363,52363,NRBC#,Hematology,,LabTest
lt_52337,52337,Bands#,Hematology,,LabTest
lt_51430,51430,Metamyelocytes,Hematology,,LabTest
lt_52354,52354,Histiocytes,Hematology,,LabTest
lt_52370,52370,Voided Specimen,Hematology,,LabTest
lt_51408,51408,CD4,Hematology,,LabTest
lt_51422,51422,"Hematocrit, Other Fluid",Hematology,,LabTest
lt_51429,51429,Mesothelial cells,Hematology,,LabTest
lt_51434,51434,Other Cell,Hematology,,LabTest
lt_52353,52353,Histiocyte#,Hematology,,LabTest
lt_52365,52365,Polys#,Hematology,,LabTest
lt_51401,51401,CD22,Hematology,,LabTest
lt_51428,51428,Macrophage,Hematology,,LabTest
lt_51437,51437,Promyelocytes,Hematology,,LabTest
lt_51404,51404,CD3,Hematology,,LabTest
lt_51386,51386,Bands,Hematology,,LabTest
lt_51417,51417,CD71,Hematology,,LabTest
lt_51424,51424,Immunophenotyping,Hematology,,LabTest
lt_51426,51426,Lambda,Hematology,,LabTest
lt_52351,52351,Fetal Hgb,Hematology,,LabTest
lt_51397,51397,CD16/56,Hematology,,LabTest
lt_52373,52373,TdT,Hematology,,LabTest
lt_51388,51388,CD10,Hematology,,LabTest
lt_51402,51402,CD23,Hematology,,LabTest
lt_51418,51418,CD8,Hematology,,LabTest
lt_51400,51400,CD20,Hematology,,LabTest
lt_51405,51405,CD33,Hematology,,LabTest
lt_52345,52345,CD55,Hematology,,LabTest
lt_51416,51416,CD7,Hematology,,LabTest
lt_51420,51420,FMC-7,Hematology,,LabTest
lt_51387,51387,Basophils,Hematology,,LabTest
lt_51423,51423,HLA-DR,Hematology,,LabTest
lt_52361,52361,Monos#,Hematology,,LabTest
lt_51407,51407,CD38,Hematology,,LabTest
lt_51415,51415,CD64,Hematology,,LabTest
lt_51395,51395,CD15,Hematology,,LabTest
lt_52366,52366,Promyelocyte#,Hematology,,LabTest
lt_51425,51425,Kappa,Hematology,,LabTest
lt_52338,52338,Basos#,Hematology,,LabTest
lt_52344,52344,CD52,Hematology,,LabTest
lt_52347,52347,CD61,Hematology,,LabTest
lt_51390,51390,CD117,Hematology,,LabTest
lt_51392,51392,CD13,Hematology,,LabTest
lt_52348,52348,CD62,Hematology,,LabTest
lt_51414,51414,CD57,Hematology,,LabTest
lt_51433,51433,NRBC,Hematology,,LabTest
lt_51438,51438,"RBC, Other Fluid",Hematology,,LabTest
lt_52362,52362,Myelos#,Hematology,,LabTest
lt_51435,51435,Plasma,Hematology,,LabTest
lt_52368,52368,TCR Gamma-Delta,Hematology,,LabTest
lt_51411,51411,CD45,Hematology,,LabTest
lt_51419,51419,Eosinophils,Hematology,,LabTest
lt_52357,52357,Iron,Hematology,,LabTest
lt_52369,52369,"Total Nucleated Cells, Other",Hematology,,LabTest
lt_52374,52374,unknown,Hematology,,LabTest
lt_51431,51431,Monos,Hematology,,LabTest
lt_52343,52343,CD42,Hematology,,LabTest
lt_52352,52352,FETAL LUNG MATURITY - LBC,Hematology,,LabTest
lt_51406,51406,CD34,Hematology,,LabTest
lt_52341,52341,CD 1a,Hematology,,LabTest
lt_52224,52224,Bands#,Hematology,,LabTest
lt_52274,52274,Myelocytes,Hematology,,LabTest
lt_52228,52228,Blasts#,Hematology,,LabTest
lt_52241,52241,Delete,Hematology,,LabTest
lt_52283,52283,Promyelocytes,Hematology,,LabTest
lt_52289,52289,Young#,Hematology,,LabTest
lt_52248,52248,Delete,Hematology,,LabTest
lt_52258,52258,Histiocyte,Hematology,,LabTest
lt_52282,52282,Polys#,Hematology,,LabTest
lt_52244,52244,Delete,Hematology,,LabTest
lt_52271,52271,Metas#,Hematology,,LabTest
lt_52226,52226,Basos#,Hematology,,LabTest
lt_52240,52240,Delete,Hematology,,LabTest
lt_52269,52269,Mesothelial cells #,Hematology,,LabTest
lt_52222,52222,Atyps#,Hematology,,LabTest
lt_52239,52239,Delete,Hematology,,LabTest
lt_52242,52242,Delete,Hematology,,LabTest
lt_52279,52279,Plasma,Hematology,,LabTest
lt_52284,52284,Promyelocytes#,Hematology,,LabTest
lt_52237,52237,Delete,Hematology,,LabTest
lt_52288,52288,Young,Hematology,,LabTest
lt_52223,52223,Bands,Hematology,,LabTest
lt_52227,52227,Blasts,Hematology,,LabTest
lt_52254,52254,Delete,Hematology,,LabTest
lt_52277,52277,NRBC#,Hematology,,LabTest
lt_52225,52225,Basophils,Hematology,,LabTest
lt_52238,52238,Delete,Hematology,,LabTest
lt_52270,52270,Metamyelocytes,Hematology,,LabTest
lt_52261,52261,Hypersegmented Neutrophils #,Hematology,,LabTest
lt_52263,52263,Lining Cell,Hematology,,LabTest
lt_52276,52276,NRBC,Hematology,,LabTest
lt_52257,52257,"Hematocrit, CSF",Hematology,,LabTest
lt_52260,52260,Hypersegmented Neutrophils,Hematology,,LabTest
lt_52268,52268,Mesothelial cells,Hematology,,LabTest
lt_52247,52247,Delete,Hematology,,LabTest
lt_52278,52278,Other,Hematology,,LabTest
lt_52233,52233,Delete,Hematology,,LabTest
lt_52236,52236,Delete,Hematology,,LabTest
lt_52285,52285,"RBC, CSF",Hematology,,LabTest
lt_52229,52229,Delete,Hematology,,LabTest
lt_52267,52267,Macrophage#,Hematology,,LabTest
lt_52255,52255,Eos#,Hematology,,LabTest
lt_52273,52273,Monos#,Hematology,,LabTest
lt_52280,52280,Plasma#,Hematology,,LabTest
lt_52221,52221,Atypical Lymphocytes,Hematology,,LabTest
lt_52234,52234,Delete,Hematology,,LabTest
lt_52287,52287,Voided Specimen,Hematology,,LabTest
lt_52272,52272,Monocytes,Hematology,,LabTest
lt_52243,52243,Delete,Hematology,,LabTest
lt_52250,52250,Delete,Hematology,,LabTest
lt_52286,52286,"Total Nucleated Cells, CSF",Hematology,,LabTest
lt_52235,52235,Delete,Hematology,,LabTest
lt_52246,52246,Delete,Hematology,,LabTest
lt_52231,52231,Delete,Hematology,,LabTest
lt_52264,52264,Lymphs,Hematology,,LabTest
lt_52252,52252,Delete,Hematology,,LabTest
lt_52230,52230,Delete,Hematology,,LabTest
lt_52232,52232,Delete,Hematology,,LabTest
lt_52245,52245,Delete,Hematology,,LabTest
lt_52253,52253,Delete,Hematology,,LabTest
lt_52256,52256,Eosinophils,Hematology,,LabTest
lt_52281,52281,Polys,Hematology,,LabTest
lt_52249,52249,Delete,Hematology,,LabTest
lt_52251,52251,Delete,Hematology,,LabTest
lt_52266,52266,Macrophage,Hematology,,LabTest
lt_52262,52262,Immunophenotyping,Hematology,,LabTest
lt_52265,52265,Lymphs#,Hematology,,LabTest
